-- phpMyAdmin SQL Dump
-- version 5.3.0-dev+20220820.c36dd24b59
-- https://www.phpmyadmin.net/
--
-- Host: 127.0.0.1
-- Generation Time: Sep 08, 2022 at 03:55 PM
-- Server version: 10.4.24-MariaDB
-- PHP Version: 8.1.4

SET SQL_MODE = "NO_AUTO_VALUE_ON_ZERO";
START TRANSACTION;
SET time_zone = "+00:00";


/*!40101 SET @OLD_CHARACTER_SET_CLIENT=@@CHARACTER_SET_CLIENT */;
/*!40101 SET @OLD_CHARACTER_SET_RESULTS=@@CHARACTER_SET_RESULTS */;
/*!40101 SET @OLD_COLLATION_CONNECTION=@@COLLATION_CONNECTION */;
/*!40101 SET NAMES utf8mb4 */;

--
-- Database: `materi_perkuliahan`
--

-- --------------------------------------------------------

--
-- Table structure for table `admin_kategori`
--

CREATE TABLE `admin_kategori` (
  `id` int(11) NOT NULL,
  `nama` varchar(255) DEFAULT NULL,
  `created_at` timestamp NULL DEFAULT NULL,
  `updated_at` timestamp NULL DEFAULT current_timestamp() ON UPDATE current_timestamp()
) ENGINE=InnoDB DEFAULT CHARSET=utf8mb4;

-- --------------------------------------------------------

--
-- Table structure for table `admin_produk`
--

CREATE TABLE `admin_produk` (
  `id` int(11) NOT NULL,
  `id_user` int(11) DEFAULT NULL,
  `nama` varchar(255) DEFAULT NULL,
  `foto` varchar(255) DEFAULT NULL,
  `harga` int(11) DEFAULT NULL,
  `berat` int(11) DEFAULT NULL,
  `deskripsi` text DEFAULT NULL,
  `stok` int(11) DEFAULT NULL,
  `created_at` timestamp NULL DEFAULT NULL,
  `updated_at` timestamp NULL DEFAULT current_timestamp() ON UPDATE current_timestamp()
) ENGINE=InnoDB DEFAULT CHARSET=utf8mb4;

--
-- Dumping data for table `admin_produk`
--

INSERT INTO `admin_produk` (`id`, `id_user`, `nama`, `foto`, `harga`, `berat`, `deskripsi`, `stok`, `created_at`, `updated_at`) VALUES
(70, 13, 'Decathlon Quechua Sepatu Treking Hiking Wanita premiium quality impor', 'app/images/produk/70-1662565735-pcSVT.jpg', 2052000, 20000, '<blockquote><span style=\"font-family: Roboto, &quot;Helvetica Neue&quot;, Helvetica, Arial, 文泉驛正黑, &quot;WenQuanYi Zen Hei&quot;, &quot;Hiragino Sans GB&quot;, &quot;儷黑 Pro&quot;, &quot;LiHei Pro&quot;, &quot;Heiti TC&quot;, 微軟正黑體, &quot;Microsoft JhengHei UI&quot;, &quot;Microsoft JhengHei&quot;, sans-serif; white-space: pre-wrap;\">Sepatu Gunung Mokzhaware Reality <br></span><span style=\"font-family: Roboto, &quot;Helvetica Neue&quot;, Helvetica, Arial, 文泉驛正黑, &quot;WenQuanYi Zen Hei&quot;, &quot;Hiragino Sans GB&quot;, &quot;儷黑 Pro&quot;, &quot;LiHei Pro&quot;, &quot;Heiti TC&quot;, 微軟正黑體, &quot;Microsoft JhengHei UI&quot;, &quot;Microsoft JhengHei&quot;, sans-serif; white-space: pre-wrap;\">Upper :<br></span><span style=\"font-family: Roboto, &quot;Helvetica Neue&quot;, Helvetica, Arial, 文泉驛正黑, &quot;WenQuanYi Zen Hei&quot;, &quot;Hiragino Sans GB&quot;, &quot;儷黑 Pro&quot;, &quot;LiHei Pro&quot;, &quot;Heiti TC&quot;, 微軟正黑體, &quot;Microsoft JhengHei UI&quot;, &quot;Microsoft JhengHei&quot;, sans-serif; white-space: pre-wrap;\">- Nubuck Leather<br></span><span style=\"font-family: Roboto, &quot;Helvetica Neue&quot;, Helvetica, Arial, 文泉驛正黑, &quot;WenQuanYi Zen Hei&quot;, &quot;Hiragino Sans GB&quot;, &quot;儷黑 Pro&quot;, &quot;LiHei Pro&quot;, &quot;Heiti TC&quot;, 微軟正黑體, &quot;Microsoft JhengHei UI&quot;, &quot;Microsoft JhengHei&quot;, sans-serif; white-space: pre-wrap;\">- Double Mesh<br></span><span style=\"font-family: Roboto, &quot;Helvetica Neue&quot;, Helvetica, Arial, 文泉驛正黑, &quot;WenQuanYi Zen Hei&quot;, &quot;Hiragino Sans GB&quot;, &quot;儷黑 Pro&quot;, &quot;LiHei Pro&quot;, &quot;Heiti TC&quot;, 微軟正黑體, &quot;Microsoft JhengHei UI&quot;, &quot;Microsoft JhengHei&quot;, sans-serif; white-space: pre-wrap;\">- Metal Hook Eyelet<br></span><span style=\"font-family: Roboto, &quot;Helvetica Neue&quot;, Helvetica, Arial, 文泉驛正黑, &quot;WenQuanYi Zen Hei&quot;, &quot;Hiragino Sans GB&quot;, &quot;儷黑 Pro&quot;, &quot;LiHei Pro&quot;, &quot;Heiti TC&quot;, 微軟正黑體, &quot;Microsoft JhengHei UI&quot;, &quot;Microsoft JhengHei&quot;, sans-serif; white-space: pre-wrap;\">- Metal Ring Eyelet<br></span><span style=\"font-family: Roboto, &quot;Helvetica Neue&quot;, Helvetica, Arial, 文泉驛正黑, &quot;WenQuanYi Zen Hei&quot;, &quot;Hiragino Sans GB&quot;, &quot;儷黑 Pro&quot;, &quot;LiHei Pro&quot;, &quot;Heiti TC&quot;, 微軟正黑體, &quot;Microsoft JhengHei UI&quot;, &quot;Microsoft JhengHei&quot;, sans-serif; white-space: pre-wrap;\">- TPR Logo<br></span><span style=\"font-family: Roboto, &quot;Helvetica Neue&quot;, Helvetica, Arial, 文泉驛正黑, &quot;WenQuanYi Zen Hei&quot;, &quot;Hiragino Sans GB&quot;, &quot;儷黑 Pro&quot;, &quot;LiHei Pro&quot;, &quot;Heiti TC&quot;, 微軟正黑體, &quot;Microsoft JhengHei UI&quot;, &quot;Microsoft JhengHei&quot;, sans-serif; white-space: pre-wrap;\">- TPU Toecap<br></span><span style=\"font-family: Roboto, &quot;Helvetica Neue&quot;, Helvetica, Arial, 文泉驛正黑, &quot;WenQuanYi Zen Hei&quot;, &quot;Hiragino Sans GB&quot;, &quot;儷黑 Pro&quot;, &quot;LiHei Pro&quot;, &quot;Heiti TC&quot;, 微軟正黑體, &quot;Microsoft JhengHei UI&quot;, &quot;Microsoft JhengHei&quot;, sans-serif; white-space: pre-wrap;\">- TPU Backcounter Stabilizer<br></span><span style=\"font-family: Roboto, &quot;Helvetica Neue&quot;, Helvetica, Arial, 文泉驛正黑, &quot;WenQuanYi Zen Hei&quot;, &quot;Hiragino Sans GB&quot;, &quot;儷黑 Pro&quot;, &quot;LiHei Pro&quot;, &quot;Heiti TC&quot;, 微軟正黑體, &quot;Microsoft JhengHei UI&quot;, &quot;Microsoft JhengHei&quot;, sans-serif; white-space: pre-wrap;\">- Waterproof Bootie<br></span><span style=\"font-family: Roboto, &quot;Helvetica Neue&quot;, Helvetica, Arial, 文泉驛正黑, &quot;WenQuanYi Zen Hei&quot;, &quot;Hiragino Sans GB&quot;, &quot;儷黑 Pro&quot;, &quot;LiHei Pro&quot;, &quot;Heiti TC&quot;, 微軟正黑體, &quot;Microsoft JhengHei UI&quot;, &quot;Microsoft JhengHei&quot;, sans-serif; white-space: pre-wrap;\">- 5 MM ShoeLace<br></span><span style=\"font-family: Roboto, &quot;Helvetica Neue&quot;, Helvetica, Arial, 文泉驛正黑, &quot;WenQuanYi Zen Hei&quot;, &quot;Hiragino Sans GB&quot;, &quot;儷黑 Pro&quot;, &quot;LiHei Pro&quot;, &quot;Heiti TC&quot;, 微軟正黑體, &quot;Microsoft JhengHei UI&quot;, &quot;Microsoft JhengHei&quot;, sans-serif; white-space: pre-wrap;\">- Soft Memory Foam (Collar , Tongue)<br></span><span style=\"font-family: Roboto, &quot;Helvetica Neue&quot;, Helvetica, Arial, 文泉驛正黑, &quot;WenQuanYi Zen Hei&quot;, &quot;Hiragino Sans GB&quot;, &quot;儷黑 Pro&quot;, &quot;LiHei Pro&quot;, &quot;Heiti TC&quot;, 微軟正黑體, &quot;Microsoft JhengHei UI&quot;, &quot;Microsoft JhengHei&quot;, sans-serif; white-space: pre-wrap;\">- Soft Inner Mesh (Collar , Tongue)<br></span><span style=\"font-family: Roboto, &quot;Helvetica Neue&quot;, Helvetica, Arial, 文泉驛正黑, &quot;WenQuanYi Zen Hei&quot;, &quot;Hiragino Sans GB&quot;, &quot;儷黑 Pro&quot;, &quot;LiHei Pro&quot;, &quot;Heiti TC&quot;, 微軟正黑體, &quot;Microsoft JhengHei UI&quot;, &quot;Microsoft JhengHei&quot;, sans-serif; white-space: pre-wrap;\">Sole<br></span><span style=\"font-family: Roboto, &quot;Helvetica Neue&quot;, Helvetica, Arial, 文泉驛正黑, &quot;WenQuanYi Zen Hei&quot;, &quot;Hiragino Sans GB&quot;, &quot;儷黑 Pro&quot;, &quot;LiHei Pro&quot;, &quot;Heiti TC&quot;, 微軟正黑體, &quot;Microsoft JhengHei UI&quot;, &quot;Microsoft JhengHei&quot;, sans-serif; white-space: pre-wrap;\">- EvaPressed Cup Insole (Bantalan Dalam)<br></span><span style=\"font-family: Roboto, &quot;Helvetica Neue&quot;, Helvetica, Arial, 文泉驛正黑, &quot;WenQuanYi Zen Hei&quot;, &quot;Hiragino Sans GB&quot;, &quot;儷黑 Pro&quot;, &quot;LiHei Pro&quot;, &quot;Heiti TC&quot;, 微軟正黑體, &quot;Microsoft JhengHei UI&quot;, &quot;Microsoft JhengHei&quot;, sans-serif; white-space: pre-wrap;\">- Inject Phylon Midsole (Bantalan Tengah)<br></span><span style=\"font-family: Roboto, &quot;Helvetica Neue&quot;, Helvetica, Arial, 文泉驛正黑, &quot;WenQuanYi Zen Hei&quot;, &quot;Hiragino Sans GB&quot;, &quot;儷黑 Pro&quot;, &quot;LiHei Pro&quot;, &quot;Heiti TC&quot;, 微軟正黑體, &quot;Microsoft JhengHei UI&quot;, &quot;Microsoft JhengHei&quot;, sans-serif; white-space: pre-wrap;\">- Thin Rubber Outsole (100% Rubber)<br></span><span style=\"font-family: Roboto, &quot;Helvetica Neue&quot;, Helvetica, Arial, 文泉驛正黑, &quot;WenQuanYi Zen Hei&quot;, &quot;Hiragino Sans GB&quot;, &quot;儷黑 Pro&quot;, &quot;LiHei Pro&quot;, &quot;Heiti TC&quot;, 微軟正黑體, &quot;Microsoft JhengHei UI&quot;, &quot;Microsoft JhengHei&quot;, sans-serif; white-space: pre-wrap;\">- Fork shank (for Stability And Flexibility)<br></span><span style=\"font-family: Roboto, &quot;Helvetica Neue&quot;, Helvetica, Arial, 文泉驛正黑, &quot;WenQuanYi Zen Hei&quot;, &quot;Hiragino Sans GB&quot;, &quot;儷黑 Pro&quot;, &quot;LiHei Pro&quot;, &quot;Heiti TC&quot;, 微軟正黑體, &quot;Microsoft JhengHei UI&quot;, &quot;Microsoft JhengHei&quot;, sans-serif; white-space: pre-wrap;\">- Dynagrip<br></span><span style=\"font-family: Roboto, &quot;Helvetica Neue&quot;, Helvetica, Arial, 文泉驛正黑, &quot;WenQuanYi Zen Hei&quot;, &quot;Hiragino Sans GB&quot;, &quot;儷黑 Pro&quot;, &quot;LiHei Pro&quot;, &quot;Heiti TC&quot;, 微軟正黑體, &quot;Microsoft JhengHei UI&quot;, &quot;Microsoft JhengHei&quot;, sans-serif; white-space: pre-wrap;\">- Brake Grip<br></span><span style=\"font-family: Roboto, &quot;Helvetica Neue&quot;, Helvetica, Arial, 文泉驛正黑, &quot;WenQuanYi Zen Hei&quot;, &quot;Hiragino Sans GB&quot;, &quot;儷黑 Pro&quot;, &quot;LiHei Pro&quot;, &quot;Heiti TC&quot;, 微軟正黑體, &quot;Microsoft JhengHei UI&quot;, &quot;Microsoft JhengHei&quot;, sans-serif; white-space: pre-wrap;\">SizeChart :<br></span><span style=\"font-family: Roboto, &quot;Helvetica Neue&quot;, Helvetica, Arial, 文泉驛正黑, &quot;WenQuanYi Zen Hei&quot;, &quot;Hiragino Sans GB&quot;, &quot;儷黑 Pro&quot;, &quot;LiHei Pro&quot;, &quot;Heiti TC&quot;, 微軟正黑體, &quot;Microsoft JhengHei UI&quot;, &quot;Microsoft JhengHei&quot;, sans-serif; white-space: pre-wrap;\">- 40 / 25.5 CM<br></span><span style=\"font-family: Roboto, &quot;Helvetica Neue&quot;, Helvetica, Arial, 文泉驛正黑, &quot;WenQuanYi Zen Hei&quot;, &quot;Hiragino Sans GB&quot;, &quot;儷黑 Pro&quot;, &quot;LiHei Pro&quot;, &quot;Heiti TC&quot;, 微軟正黑體, &quot;Microsoft JhengHei UI&quot;, &quot;Microsoft JhengHei&quot;, sans-serif; white-space: pre-wrap;\">- 41 / 26.5 CM<br></span><span style=\"font-family: Roboto, &quot;Helvetica Neue&quot;, Helvetica, Arial, 文泉驛正黑, &quot;WenQuanYi Zen Hei&quot;, &quot;Hiragino Sans GB&quot;, &quot;儷黑 Pro&quot;, &quot;LiHei Pro&quot;, &quot;Heiti TC&quot;, 微軟正黑體, &quot;Microsoft JhengHei UI&quot;, &quot;Microsoft JhengHei&quot;, sans-serif; white-space: pre-wrap;\">- 42 / 27.5 CM<br></span><span style=\"font-family: Roboto, &quot;Helvetica Neue&quot;, Helvetica, Arial, 文泉驛正黑, &quot;WenQuanYi Zen Hei&quot;, &quot;Hiragino Sans GB&quot;, &quot;儷黑 Pro&quot;, &quot;LiHei Pro&quot;, &quot;Heiti TC&quot;, 微軟正黑體, &quot;Microsoft JhengHei UI&quot;, &quot;Microsoft JhengHei&quot;, sans-serif; white-space: pre-wrap;\">- 43 / 28.5 CM<br></span><span style=\"font-family: Roboto, &quot;Helvetica Neue&quot;, Helvetica, Arial, 文泉驛正黑, &quot;WenQuanYi Zen Hei&quot;, &quot;Hiragino Sans GB&quot;, &quot;儷黑 Pro&quot;, &quot;LiHei Pro&quot;, &quot;Heiti TC&quot;, 微軟正黑體, &quot;Microsoft JhengHei UI&quot;, &quot;Microsoft JhengHei&quot;, sans-serif; white-space: pre-wrap;\">- 44 / 29.5 CM<br></span><span style=\"font-family: Roboto, &quot;Helvetica Neue&quot;, Helvetica, Arial, 文泉驛正黑, &quot;WenQuanYi Zen Hei&quot;, &quot;Hiragino Sans GB&quot;, &quot;儷黑 Pro&quot;, &quot;LiHei Pro&quot;, &quot;Heiti TC&quot;, 微軟正黑體, &quot;Microsoft JhengHei UI&quot;, &quot;Microsoft JhengHei&quot;, sans-serif; white-space: pre-wrap;\">**Technology : Genuine Leather , Waterproof , Lightweight , Brake System , Forkshank **<br></span><span style=\"font-family: Roboto, &quot;Helvetica Neue&quot;, Helvetica, Arial, 文泉驛正黑, &quot;WenQuanYi Zen Hei&quot;, &quot;Hiragino Sans GB&quot;, &quot;儷黑 Pro&quot;, &quot;LiHei Pro&quot;, &quot;Heiti TC&quot;, 微軟正黑體, &quot;Microsoft JhengHei UI&quot;, &quot;Microsoft JhengHei&quot;, sans-serif; white-space: pre-wrap;\">***Garansi 1 Tahun Service**<br></span><span style=\"font-family: Roboto, &quot;Helvetica Neue&quot;, Helvetica, Arial, 文泉驛正黑, &quot;WenQuanYi Zen Hei&quot;, &quot;Hiragino Sans GB&quot;, &quot;儷黑 Pro&quot;, &quot;LiHei Pro&quot;, &quot;Heiti TC&quot;, 微軟正黑體, &quot;Microsoft JhengHei UI&quot;, &quot;Microsoft JhengHei&quot;, sans-serif; white-space: pre-wrap;\">#SepatuGunung #SepatuOutdoor #SepatuHiking<br></span><span style=\"font-family: Roboto, &quot;Helvetica Neue&quot;, Helvetica, Arial, 文泉驛正黑, &quot;WenQuanYi Zen Hei&quot;, &quot;Hiragino Sans GB&quot;, &quot;儷黑 Pro&quot;, &quot;LiHei Pro&quot;, &quot;Heiti TC&quot;, 微軟正黑體, &quot;Microsoft JhengHei UI&quot;, &quot;Microsoft JhengHei&quot;, sans-serif; white-space: pre-wrap;\">#SepatuGunung #SepatuOutdoor #SepatuHiking</span></blockquote>', 24, '2022-09-07 04:47:43', '2022-09-07 08:48:55'),
(74, 13, 'Tenda Camping Outdoor Hiking Double Layer Camouflage Windproof', 'app/images/produk/74-1662565678-Atc2J.jpg', 249000, 2000, '<p>Tenda ini cocok digunakan untuk camping maupun aktifitas outdoor lainnya, dilengkapi dengan bahan waterproof yang membuat Areingers tidak perlu khawatir menghadapi cuaca hujan. Tenda 02/T005 siap menemani petualangan Areingers.\r\n\r\nSpesifikasi\r\n\r\nSize : 200 x 120 x 100 cm\r\nFly 170TPA300mm Polyester\r\nPolyester with Waterproof PU\r\nFloor : 100g/m2\r\nPole dia :  6.9 mm\r\n2 pc Fiber Glass\r\nGross Weight : 2 Kg\r\nFitur\r\n\r\nDapat didirikan 1 orang﻿\r\nAnti UV\r\nAnti Lembab\r\nTidah Mudah Karatan<br></p>', 300, '2022-09-07 07:15:38', '2022-09-07 08:47:58'),
(75, 13, 'MATOUGUI Trekking Pole 4 Ruas Tongkat Hiking Gunung Dengan Senter TP8102', 'app/images/produk/75-1662560796-fKpsd.jpg', 88999, 900, '<p><span style=\"font-family: Roboto, &quot;Helvetica Neue&quot;, Helvetica, Arial, 文泉驛正黑, &quot;WenQuanYi Zen Hei&quot;, &quot;Hiragino Sans GB&quot;, &quot;儷黑 Pro&quot;, &quot;LiHei Pro&quot;, &quot;Heiti TC&quot;, 微軟正黑體, &quot;Microsoft JhengHei UI&quot;, &quot;Microsoft JhengHei&quot;, sans-serif; white-space: pre-wrap;\">Semua barang yg ada ditoko online kami, kami import sendiri\r\nDijamin harga termurah dan berkualitas.\r\n\r\n- Membantu mendapatkan ritme konsisten pendakian. \r\n- Menjaga keseimbangan, sangat membantu saat kelelahan.\r\n- Membantu mendorong tubuh bergerak ke depan.\r\n- Ujung tongkat dapat digunakan untuk memeriksa jalur trekking sebelum melangkah.\r\n- Menjaga keseimbangan tubuh saat berjalan ditempat yang licin.\r\n- Membantu mengurangi ketegangan tubuh.\r\n- Bahan kuat dan awet\r\n---- CATATAN ----\r\nWAJIB TAMBAH BUBBLE WRAP MENGHINDARI BARANG RUSAK / PECAH\r\nTIDAK MENERIMA KOMPLAIN BARANG RUSAK JIKA TIDAK TAMBAH BUBBLE WRAP.\r\nlink produk bubble wrap tambahan :\r\n\r\nBarang Selalu Dicek Fisik Sebelum Dikirim.\r\nKerusakan saat pengiriman menjadi tanggung jawab kurir dan perlu melampirkan bukti video unboxing (video bongkar paket dari sebelum paket dibuka).\r\nTanpa melampirkan video unboxing maka mohon maaf tidak bisa klaim garansi.</span><br></p>', 60, '2022-09-07 07:17:57', '2022-09-07 07:26:36'),
(76, 13, 'Antarestar Trekking Pole Tongkat Mendaki Gunung Treking Pole Tongkat Outdoor', 'app/images/produk/76-1662561093-ypUf3.jpg', 106000, 856, '<p><span style=\"font-family: Roboto, &quot;Helvetica Neue&quot;, Helvetica, Arial, 文泉驛正黑, &quot;WenQuanYi Zen Hei&quot;, &quot;Hiragino Sans GB&quot;, &quot;儷黑 Pro&quot;, &quot;LiHei Pro&quot;, &quot;Heiti TC&quot;, 微軟正黑體, &quot;Microsoft JhengHei UI&quot;, &quot;Microsoft JhengHei&quot;, sans-serif; white-space: pre-wrap;\">TREKKING POLE adalah salah satu dari berbagai peralatan yang beberapa pendaki gunung dan hiker tidak begitu menyadari merupakan peralatan yg dibutuhkan mereka, samapai mereka mencoba mulai menggunakannya. Setelah merasakan manfaat yang diberikan, terutama sekali pada jalur pendakian atau hiking yang panjang, alat ini akan sangat terasa manfaatnya.\r\nBahan : Duralumin\r\nPANJANG : 135 CM\r\nPENDEK : 36 cm\r\nBerat : 274 gr\r\nAnti shock, ultralight</span><br></p>', 240, '2022-09-07 07:19:14', '2022-09-07 07:31:33'),
(78, 14, 'Antarestar Hammock Double Ayunan Gantung Kombinasi 2 Warna Tempat Tidur', 'app/images/produk/78-1662565606-Wzo4V.jpg', 300000, 100, '<p><span style=\"font-family: Roboto, &quot;Helvetica Neue&quot;, Helvetica, Arial, 文泉驛正黑, &quot;WenQuanYi Zen Hei&quot;, &quot;Hiragino Sans GB&quot;, &quot;儷黑 Pro&quot;, &quot;LiHei Pro&quot;, &quot;Heiti TC&quot;, 微軟正黑體, &quot;Microsoft JhengHei UI&quot;, &quot;Microsoft JhengHei&quot;, sans-serif; white-space: pre-wrap;\">Antarestar Hammock Double Ayunan Gantung Kombinasi 2 Warna Tempat Tidur Ayunan Kasur Gantung Camping Outdoor \r\n\r\ngaransi 1 bulan\r\n\r\nAnak Gunung Atau Yang Mengerti Barang Pasti Tahu Kualitas Produk Kami Dengan Hanya Melihat Foto/Video - Sangat Nyaman Digunakan Pada Saat Traveling, Backpacking, Berpetualang, Hiking, Kemah/Camping, Ataupun Sekedar 12.Bersantai Di Teras/Di Area Rumah/Kebun/Dsb - Hammock Juga Dapat Digunakan Sebagai Sarana Tempat Belajar Atau Bermain Anak Dengan Santai Dan Menyenangkan Di Sekitar Rumah Maupun Pada Saat Traveling\r\n\r\n1. Hammock Ini Cukup Lebar Dengan Ukuran (130cm x 210cm)\r\n2. Jahitan Pengaman Full Bartex Lebih Kuat\r\n3. Tali Webbing Sangat Kuat Dan Cukup Panjang , Penahan/Penggantung Yang Jaraknya Cukup Jauh.\r\n4. Kualitas Bahan Sangat Kuat, Namun Ringan Saat Dibawa/Digunakan Berpetualang\r\n5. Garansi Jika Tidak Sesuai Dengan Produk\r\n6. Hammock Double 2 Warna Bahan Lebih Bagus Dan Kuat Kelebihan\r\n7. Ini Adalah Hammock Berkualitas Tinggi, Harga Sesuai Dengan Kualitas Karena Hammock Ini Bisa Menahan Beban Hingga 120kg.\r\n\r\n💢Kami menerima segala macam komplain (terutama jika memang karena kesalahan Kami). Harap videokan paket saat barang diterima/dibuka. 🙏\r\n\r\nAlasan kenapa harus belanja di tempat Kami :\r\n✔ Kami berkomitmen untuk memberikan pelayanan yang terbaik (boleh tukar/retur jika produk yang diterima tidak sesuai deskripsi/foto produk, kurang), karena stock milik kami sendiri.\r\n✔ Ada bonus untuk yang order banyak dan atau yang kasih review bagus serta bintang 5 yang terpilih \r\n✔ Bisa bayar menggunakan metode COD (Cash On Delivery). Bayar ke kurir yang mengantarkan paket di rumah Anda\r\nBelanja Online praktis dengan COD tanpa ribet transfer-transfer atau pergi ke mini market untuk bayar.\r\n\r\nReady stock silahkan diorder . Jika ada pertanyaan lebih lanjut silahkan chat admin kak. Terimakasih :)</span><br></p>', 10, '2022-09-07 07:34:12', '2022-09-07 08:46:46'),
(79, 14, 'Decathlon FORCLAZ Hammock Travel 1 Orang Anti Nyamuk Tropic 500', 'app/images/produk/79-1662561437-RQuNh.jpg', 900000, 180, '<p class=\"_2jrvqA\" style=\"margin-right: 0px; margin-bottom: 0px; margin-left: 0px; font-family: Roboto, &quot;Helvetica Neue&quot;, Helvetica, Arial, 文泉驛正黑, &quot;WenQuanYi Zen Hei&quot;, &quot;Hiragino Sans GB&quot;, &quot;儷黑 Pro&quot;, &quot;LiHei Pro&quot;, &quot;Heiti TC&quot;, 微軟正黑體, &quot;Microsoft JhengHei UI&quot;, &quot;Microsoft JhengHei&quot;, sans-serif; font-size: 14px; white-space: pre-wrap;\">Desain terpadu : Tempat tidur gantung ini muat dalam tas 35 x 25 x15 cm, tanpa dimampatkan</p><p class=\"_2jrvqA\" style=\"margin-right: 0px; margin-bottom: 0px; margin-left: 0px; font-family: Roboto, &quot;Helvetica Neue&quot;, Helvetica, Arial, 文泉驛正黑, &quot;WenQuanYi Zen Hei&quot;, &quot;Hiragino Sans GB&quot;, &quot;儷黑 Pro&quot;, &quot;LiHei Pro&quot;, &quot;Heiti TC&quot;, 微軟正黑體, &quot;Microsoft JhengHei UI&quot;, &quot;Microsoft JhengHei&quot;, sans-serif; font-size: 14px; white-space: pre-wrap;\"> </p><p class=\"_2jrvqA\" style=\"margin-right: 0px; margin-bottom: 0px; margin-left: 0px; font-family: Roboto, &quot;Helvetica Neue&quot;, Helvetica, Arial, 文泉驛正黑, &quot;WenQuanYi Zen Hei&quot;, &quot;Hiragino Sans GB&quot;, &quot;儷黑 Pro&quot;, &quot;LiHei Pro&quot;, &quot;Heiti TC&quot;, 微軟正黑體, &quot;Microsoft JhengHei UI&quot;, &quot;Microsoft JhengHei&quot;, sans-serif; font-size: 14px; white-space: pre-wrap;\"> Mudah dibongkar/pasang : Pemasangan cepat dalam waktu kurang dari 5 menit</p><p class=\"_2jrvqA\" style=\"margin-right: 0px; margin-bottom: 0px; margin-left: 0px; font-family: Roboto, &quot;Helvetica Neue&quot;, Helvetica, Arial, 文泉驛正黑, &quot;WenQuanYi Zen Hei&quot;, &quot;Hiragino Sans GB&quot;, &quot;儷黑 Pro&quot;, &quot;LiHei Pro&quot;, &quot;Heiti TC&quot;, 微軟正黑體, &quot;Microsoft JhengHei UI&quot;, &quot;Microsoft JhengHei&quot;, sans-serif; font-size: 14px; white-space: pre-wrap;\"> </p><p class=\"_2jrvqA\" style=\"margin-right: 0px; margin-bottom: 0px; margin-left: 0px; font-family: Roboto, &quot;Helvetica Neue&quot;, Helvetica, Arial, 文泉驛正黑, &quot;WenQuanYi Zen Hei&quot;, &quot;Hiragino Sans GB&quot;, &quot;儷黑 Pro&quot;, &quot;LiHei Pro&quot;, &quot;Heiti TC&quot;, 微軟正黑體, &quot;Microsoft JhengHei UI&quot;, &quot;Microsoft JhengHei&quot;, sans-serif; font-size: 14px; white-space: pre-wrap;\"> Mudah dibawa : Hanya 1,1 kg, tak terasa di tas Anda</p><p class=\"_2jrvqA\" style=\"margin-right: 0px; margin-bottom: 0px; margin-left: 0px; font-family: Roboto, &quot;Helvetica Neue&quot;, Helvetica, Arial, 文泉驛正黑, &quot;WenQuanYi Zen Hei&quot;, &quot;Hiragino Sans GB&quot;, &quot;儷黑 Pro&quot;, &quot;LiHei Pro&quot;, &quot;Heiti TC&quot;, 微軟正黑體, &quot;Microsoft JhengHei UI&quot;, &quot;Microsoft JhengHei&quot;, sans-serif; font-size: 14px; white-space: pre-wrap;\"> </p><p class=\"_2jrvqA\" style=\"margin-right: 0px; margin-bottom: 0px; margin-left: 0px; font-family: Roboto, &quot;Helvetica Neue&quot;, Helvetica, Arial, 文泉驛正黑, &quot;WenQuanYi Zen Hei&quot;, &quot;Hiragino Sans GB&quot;, &quot;儷黑 Pro&quot;, &quot;LiHei Pro&quot;, &quot;Heiti TC&quot;, 微軟正黑體, &quot;Microsoft JhengHei UI&quot;, &quot;Microsoft JhengHei&quot;, sans-serif; font-size: 14px; white-space: pre-wrap;\"> Kapasitas : Ideal untuk 1 orang dengan tinggi hingga 190 cm dan 110 kg.</p><p class=\"_2jrvqA\" style=\"margin-right: 0px; margin-bottom: 0px; margin-left: 0px; font-family: Roboto, &quot;Helvetica Neue&quot;, Helvetica, Arial, 文泉驛正黑, &quot;WenQuanYi Zen Hei&quot;, &quot;Hiragino Sans GB&quot;, &quot;儷黑 Pro&quot;, &quot;LiHei Pro&quot;, &quot;Heiti TC&quot;, 微軟正黑體, &quot;Microsoft JhengHei UI&quot;, &quot;Microsoft JhengHei&quot;, sans-serif; font-size: 14px; white-space: pre-wrap;\"> Ukuran 2,50m x 1,46m</p><p class=\"_2jrvqA\" style=\"margin-right: 0px; margin-bottom: 0px; margin-left: 0px; font-family: Roboto, &quot;Helvetica Neue&quot;, Helvetica, Arial, 文泉驛正黑, &quot;WenQuanYi Zen Hei&quot;, &quot;Hiragino Sans GB&quot;, &quot;儷黑 Pro&quot;, &quot;LiHei Pro&quot;, &quot;Heiti TC&quot;, 微軟正黑體, &quot;Microsoft JhengHei UI&quot;, &quot;Microsoft JhengHei&quot;, sans-serif; font-size: 14px; white-space: pre-wrap;\"> </p><p class=\"_2jrvqA\" style=\"margin-right: 0px; margin-bottom: 0px; margin-left: 0px; font-family: Roboto, &quot;Helvetica Neue&quot;, Helvetica, Arial, 文泉驛正黑, &quot;WenQuanYi Zen Hei&quot;, &quot;Hiragino Sans GB&quot;, &quot;儷黑 Pro&quot;, &quot;LiHei Pro&quot;, &quot;Heiti TC&quot;, 微軟正黑體, &quot;Microsoft JhengHei UI&quot;, &quot;Microsoft JhengHei&quot;, sans-serif; font-size: 14px; white-space: pre-wrap;\"> Ketahanan : Dengan kainnya yang diperkuat,</p><p class=\"_2jrvqA\" style=\"margin-right: 0px; margin-bottom: 0px; margin-left: 0px; font-family: Roboto, &quot;Helvetica Neue&quot;, Helvetica, Arial, 文泉驛正黑, &quot;WenQuanYi Zen Hei&quot;, &quot;Hiragino Sans GB&quot;, &quot;儷黑 Pro&quot;, &quot;LiHei Pro&quot;, &quot;Heiti TC&quot;, 微軟正黑體, &quot;Microsoft JhengHei UI&quot;, &quot;Microsoft JhengHei&quot;, sans-serif; font-size: 14px; white-space: pre-wrap;\"> akan tahan untuk waktu yang lama.</p><p class=\"_2jrvqA\" style=\"margin-right: 0px; margin-bottom: 0px; margin-left: 0px; font-family: Roboto, &quot;Helvetica Neue&quot;, Helvetica, Arial, 文泉驛正黑, &quot;WenQuanYi Zen Hei&quot;, &quot;Hiragino Sans GB&quot;, &quot;儷黑 Pro&quot;, &quot;LiHei Pro&quot;, &quot;Heiti TC&quot;, 微軟正黑體, &quot;Microsoft JhengHei UI&quot;, &quot;Microsoft JhengHei&quot;, sans-serif; font-size: 14px; white-space: pre-wrap;\"> </p><p class=\"_2jrvqA\" style=\"margin-right: 0px; margin-bottom: 0px; margin-left: 0px; font-family: Roboto, &quot;Helvetica Neue&quot;, Helvetica, Arial, 文泉驛正黑, &quot;WenQuanYi Zen Hei&quot;, &quot;Hiragino Sans GB&quot;, &quot;儷黑 Pro&quot;, &quot;LiHei Pro&quot;, &quot;Heiti TC&quot;, 微軟正黑體, &quot;Microsoft JhengHei UI&quot;, &quot;Microsoft JhengHei&quot;, sans-serif; font-size: 14px; white-space: pre-wrap;\"> Perlindungan dari nyamuk : Kelambu yang tidak dapat dilepas melindungi bagian atas / bawah.40 lubang/cm²</p><p class=\"_2jrvqA\" style=\"margin-right: 0px; margin-bottom: 0px; margin-left: 0px; font-family: Roboto, &quot;Helvetica Neue&quot;, Helvetica, Arial, 文泉驛正黑, &quot;WenQuanYi Zen Hei&quot;, &quot;Hiragino Sans GB&quot;, &quot;儷黑 Pro&quot;, &quot;LiHei Pro&quot;, &quot;Heiti TC&quot;, 微軟正黑體, &quot;Microsoft JhengHei UI&quot;, &quot;Microsoft JhengHei&quot;, sans-serif; font-size: 14px; white-space: pre-wrap;\"> </p><p class=\"_2jrvqA\" style=\"margin-right: 0px; margin-bottom: 0px; margin-left: 0px; font-family: Roboto, &quot;Helvetica Neue&quot;, Helvetica, Arial, 文泉驛正黑, &quot;WenQuanYi Zen Hei&quot;, &quot;Hiragino Sans GB&quot;, &quot;儷黑 Pro&quot;, &quot;LiHei Pro&quot;, &quot;Heiti TC&quot;, 微軟正黑體, &quot;Microsoft JhengHei UI&quot;, &quot;Microsoft JhengHei&quot;, sans-serif; font-size: 14px; white-space: pre-wrap;\"> Kantung : Kantong kompartemen besar di dalamnya</p><p class=\"_2jrvqA\" style=\"margin-right: 0px; margin-bottom: 0px; margin-left: 0px; font-family: Roboto, &quot;Helvetica Neue&quot;, Helvetica, Arial, 文泉驛正黑, &quot;WenQuanYi Zen Hei&quot;, &quot;Hiragino Sans GB&quot;, &quot;儷黑 Pro&quot;, &quot;LiHei Pro&quot;, &quot;Heiti TC&quot;, 微軟正黑體, &quot;Microsoft JhengHei UI&quot;, &quot;Microsoft JhengHei&quot;, sans-serif; font-size: 14px; white-space: pre-wrap;\"> </p><p class=\"_2jrvqA\" style=\"margin-right: 0px; margin-bottom: 0px; margin-left: 0px; font-family: Roboto, &quot;Helvetica Neue&quot;, Helvetica, Arial, 文泉驛正黑, &quot;WenQuanYi Zen Hei&quot;, &quot;Hiragino Sans GB&quot;, &quot;儷黑 Pro&quot;, &quot;LiHei Pro&quot;, &quot;Heiti TC&quot;, 微軟正黑體, &quot;Microsoft JhengHei UI&quot;, &quot;Microsoft JhengHei&quot;, sans-serif; font-size: 14px; white-space: pre-wrap;\"> Kenyamanan tidur : Terbuat dari kain parasut nyaman, Anda bisa menikmati interiornya yang luas.</p><p class=\"_2jrvqA\" style=\"margin-right: 0px; margin-bottom: 0px; margin-left: 0px; font-family: Roboto, &quot;Helvetica Neue&quot;, Helvetica, Arial, 文泉驛正黑, &quot;WenQuanYi Zen Hei&quot;, &quot;Hiragino Sans GB&quot;, &quot;儷黑 Pro&quot;, &quot;LiHei Pro&quot;, &quot;Heiti TC&quot;, 微軟正黑體, &quot;Microsoft JhengHei UI&quot;, &quot;Microsoft JhengHei&quot;, sans-serif; font-size: 14px; white-space: pre-wrap;\">Saran kami tentang cara memasang tempat tidur gantung Anda: : </p><p class=\"_2jrvqA\" style=\"margin-right: 0px; margin-bottom: 0px; margin-left: 0px; font-family: Roboto, &quot;Helvetica Neue&quot;, Helvetica, Arial, 文泉驛正黑, &quot;WenQuanYi Zen Hei&quot;, &quot;Hiragino Sans GB&quot;, &quot;儷黑 Pro&quot;, &quot;LiHei Pro&quot;, &quot;Heiti TC&quot;, 微軟正黑體, &quot;Microsoft JhengHei UI&quot;, &quot;Microsoft JhengHei&quot;, sans-serif; font-size: 14px; white-space: pre-wrap;\">1. Pilih tempat dengan jarak 3-5 m antara 2 pohon untuk menggantung tempat tidur gantung. Hati-hati, jangan meninggalkan ranting atau batu di bawahnya, untuk mencegah kecelakaan.</p><p class=\"_2jrvqA\" style=\"margin-right: 0px; margin-bottom: 0px; margin-left: 0px; font-family: Roboto, &quot;Helvetica Neue&quot;, Helvetica, Arial, 文泉驛正黑, &quot;WenQuanYi Zen Hei&quot;, &quot;Hiragino Sans GB&quot;, &quot;儷黑 Pro&quot;, &quot;LiHei Pro&quot;, &quot;Heiti TC&quot;, 微軟正黑體, &quot;Microsoft JhengHei UI&quot;, &quot;Microsoft JhengHei&quot;, sans-serif; font-size: 14px; white-space: pre-wrap;\">\r\n</p><p class=\"_2jrvqA\" style=\"margin-right: 0px; margin-bottom: 0px; margin-left: 0px; font-family: Roboto, &quot;Helvetica Neue&quot;, Helvetica, Arial, 文泉驛正黑, &quot;WenQuanYi Zen Hei&quot;, &quot;Hiragino Sans GB&quot;, &quot;儷黑 Pro&quot;, &quot;LiHei Pro&quot;, &quot;Heiti TC&quot;, 微軟正黑體, &quot;Microsoft JhengHei UI&quot;, &quot;Microsoft JhengHei&quot;, sans-serif; font-size: 14px; white-space: pre-wrap;\">2. Gantung tali pengikat dengan carabiner dengan cara memutarnya di sekitar batang pada ketinggian antara 1,5 m dan 1,8 m.</p><p class=\"_2jrvqA\" style=\"margin-right: 0px; margin-bottom: 0px; margin-left: 0px; font-family: Roboto, &quot;Helvetica Neue&quot;, Helvetica, Arial, 文泉驛正黑, &quot;WenQuanYi Zen Hei&quot;, &quot;Hiragino Sans GB&quot;, &quot;儷黑 Pro&quot;, &quot;LiHei Pro&quot;, &quot;Heiti TC&quot;, 微軟正黑體, &quot;Microsoft JhengHei UI&quot;, &quot;Microsoft JhengHei&quot;, sans-serif; font-size: 14px; white-space: pre-wrap;\">3. Buka tiang dan geser ke dalam 2 selongsong, sesuaikan tegangannya.</p><p class=\"_2jrvqA\" style=\"margin-right: 0px; margin-bottom: 0px; margin-left: 0px; font-family: Roboto, &quot;Helvetica Neue&quot;, Helvetica, Arial, 文泉驛正黑, &quot;WenQuanYi Zen Hei&quot;, &quot;Hiragino Sans GB&quot;, &quot;儷黑 Pro&quot;, &quot;LiHei Pro&quot;, &quot;Heiti TC&quot;, 微軟正黑體, &quot;Microsoft JhengHei UI&quot;, &quot;Microsoft JhengHei&quot;, sans-serif; font-size: 14px; white-space: pre-wrap;\">\r\n</p><p class=\"_2jrvqA\" style=\"margin-right: 0px; margin-bottom: 0px; margin-left: 0px; font-family: Roboto, &quot;Helvetica Neue&quot;, Helvetica, Arial, 文泉驛正黑, &quot;WenQuanYi Zen Hei&quot;, &quot;Hiragino Sans GB&quot;, &quot;儷黑 Pro&quot;, &quot;LiHei Pro&quot;, &quot;Heiti TC&quot;, 微軟正黑體, &quot;Microsoft JhengHei UI&quot;, &quot;Microsoft JhengHei&quot;, sans-serif; font-size: 14px; white-space: pre-wrap;\">4. Jangan memasang hammock terlalu kencang: sudut ideal antara batang dan tempat tidur gantung adalah 30°, cukup miring.</p><p class=\"_2jrvqA\" style=\"margin-right: 0px; margin-bottom: 0px; margin-left: 0px; font-family: Roboto, &quot;Helvetica Neue&quot;, Helvetica, Arial, 文泉驛正黑, &quot;WenQuanYi Zen Hei&quot;, &quot;Hiragino Sans GB&quot;, &quot;儷黑 Pro&quot;, &quot;LiHei Pro&quot;, &quot;Heiti TC&quot;, 微軟正黑體, &quot;Microsoft JhengHei UI&quot;, &quot;Microsoft JhengHei&quot;, sans-serif; font-size: 14px; white-space: pre-wrap;\">\r\n</p><p class=\"_2jrvqA\" style=\"margin-right: 0px; margin-bottom: 0px; margin-left: 0px; font-family: Roboto, &quot;Helvetica Neue&quot;, Helvetica, Arial, 文泉驛正黑, &quot;WenQuanYi Zen Hei&quot;, &quot;Hiragino Sans GB&quot;, &quot;儷黑 Pro&quot;, &quot;LiHei Pro&quot;, &quot;Heiti TC&quot;, 微軟正黑體, &quot;Microsoft JhengHei UI&quot;, &quot;Microsoft JhengHei&quot;, sans-serif; font-size: 14px; white-space: pre-wrap;\">Tidur di tempat tidur gantung? : Untuk mendapatkan tidur malam yang nyenyak, idealnya berbaring secara diagonal.</p><p class=\"_2jrvqA\" style=\"margin-right: 0px; margin-bottom: 0px; margin-left: 0px; font-family: Roboto, &quot;Helvetica Neue&quot;, Helvetica, Arial, 文泉驛正黑, &quot;WenQuanYi Zen Hei&quot;, &quot;Hiragino Sans GB&quot;, &quot;儷黑 Pro&quot;, &quot;LiHei Pro&quot;, &quot;Heiti TC&quot;, 微軟正黑體, &quot;Microsoft JhengHei UI&quot;, &quot;Microsoft JhengHei&quot;, sans-serif; font-size: 14px; white-space: pre-wrap;\">Posisi ini akan memungkinkan Anda untuk berbaring \"lebih datar\" dan tidur miring, setelah Anda terbiasa dengan teknik ini.</p><p class=\"_2jrvqA\" style=\"margin-right: 0px; margin-bottom: 0px; margin-left: 0px; font-family: Roboto, &quot;Helvetica Neue&quot;, Helvetica, Arial, 文泉驛正黑, &quot;WenQuanYi Zen Hei&quot;, &quot;Hiragino Sans GB&quot;, &quot;儷黑 Pro&quot;, &quot;LiHei Pro&quot;, &quot;Heiti TC&quot;, 微軟正黑體, &quot;Microsoft JhengHei UI&quot;, &quot;Microsoft JhengHei&quot;, sans-serif; font-size: 14px; white-space: pre-wrap;\">Kemudian biarkan diri Anda diguncang hingga tidur, Anda akan segera mengantuk.</p><p class=\"_2jrvqA\" style=\"margin-right: 0px; margin-bottom: 0px; margin-left: 0px; font-family: Roboto, &quot;Helvetica Neue&quot;, Helvetica, Arial, 文泉驛正黑, &quot;WenQuanYi Zen Hei&quot;, &quot;Hiragino Sans GB&quot;, &quot;儷黑 Pro&quot;, &quot;LiHei Pro&quot;, &quot;Heiti TC&quot;, 微軟正黑體, &quot;Microsoft JhengHei UI&quot;, &quot;Microsoft JhengHei&quot;, sans-serif; font-size: 14px; white-space: pre-wrap;\">Jangan lupa untuk menyimpan barang-barang Anda di dalam tas atau di tempat tidur gantung, untuk menghindari mereka basah oleh embun atau diserang ole</p>', 24, '2022-09-07 07:37:17', '2022-09-07 07:37:17'),
(80, 13, 'Paket Wajan Teko & Kompor Windproof Kemping Gunung Cooking Set DS308', 'app/images/produk/80-1662568223-8PIju.jpg', 285000, 900, '<p>&gt;&gt;&gt;FREEE BUBBLE WRAP UNTUK PEKING BIAR AMAN...\r\n&gt;&gt;&gt;TIDAK SEPERTI TOKO LAIN BUBBLE HARUS BELI...\r\n&gt;&gt;&gt;KITA KASIH GRATIS UNTUK ANDA... (BERLAKU UNTUK PENGIRIMAN EXPEDISI)\r\n\r\n\r\nBarang Ready! (PASTI)\r\nKualitas Mantab!\r\nSuper Hemat!\r\n\r\n\r\nCOOKING SET DS 300-8 WITH TEKO CAMPING OUTDOOR\r\nSangat praktis untuk pendakian dan camping ceria\r\nIsi dalam paket :\r\n- 2 panci\r\n- 1 teko\r\n- 1 Kompor\r\n\r\nBahan : Hard Anodizing Alumunium\r\nBerat : 475 gr\r\nBerat sama dus kemasan : 600 gr\r\nRingan\r\nMasak air, ngopi di gunung. Maaaantaaaap..\r\n\r\n\r\nIsi Paket :\r\n1- Kompor Windproof / mawar (bisa kovar bisa redbird, tergantung stok)\r\n1- Tas Kompor\r\nberat kompor hanya 470 gram\r\n\r\n\r\nCooking Set DS-300-8 adalah alat masak simple dan praktis untuk segala macam tempat dan suasana, dan biasanya alat masak ini digunakan diluar ruangan (outdoor) karna bentuknya yang sederhana tapi komplit.\r\n\r\nCooking Set DS-300-8 / nesting berbahan dasar teflon anti lengket, cocok untuk kegiatan mendaki gunung, camping atau sekedar buat masak-masak di kosan, karna bentuknya yang simpel dan beda dari nesting TNI yang biasa.\r\n\r\nCooking Set DS-300-8 ini dibuat dengan paduan aluminium, oksidasi permukaan (anodized keras), rustless dan sangat kuat dan tidak mudah patah, kecil, ringan.<br></p>', 60, '2022-09-07 09:30:23', '2022-09-07 09:30:23'),
(81, 13, 'Paket Hemat Cooking Set nesting 2 person Kemping wajan & kompor windproof', 'app/images/produk/81-1662568316-Tcu3f.jpg', 185000, 900, '<p><span style=\"font-family: Roboto, &quot;Helvetica Neue&quot;, Helvetica, Arial, 文泉驛正黑, &quot;WenQuanYi Zen Hei&quot;, &quot;Hiragino Sans GB&quot;, &quot;儷黑 Pro&quot;, &quot;LiHei Pro&quot;, &quot;Heiti TC&quot;, 微軟正黑體, &quot;Microsoft JhengHei UI&quot;, &quot;Microsoft JhengHei&quot;, sans-serif; white-space: pre-wrap;\">&gt;&gt;&gt;FREEE BUBBLE WRAP UNTUK PEKING BIAR AMAN...\r\n&gt;&gt;&gt;TIDAK SEPERTI TOKO LAIN BUBBLE HARUS BELI...\r\n&gt;&gt;&gt;KITA KASIH GRATIS UNTUK ANDA... (BERLAKU UNTUK PENGIRIMAN EXPEDISI)\r\n\r\nCooking Set SY-200 adalah alat masak simple dan praktis untuk segala macam tempat dan suasana. Cocok untuk kegiatan mendaki gunung, camping atau sekedar buat masak-masak di kosan. Alat ini berbahan dasar teflon anti lengket (Hard Anodizing Aluminium). Sangat kuat, tidak mudah patah, ringan, mudah dipacking, ringkas dan komplit.\r\n\r\nIsi paket Cooking set SY-200\r\n1 frying pan/penggorengan 158 37mm\r\n1 Panci ukuran 136 x 68mm + tutup \r\n2 mangkuk kecil\r\n1 sendok sayur/kuah\r\n1 spons cuci\r\n1 centong kayu mini\r\n1 tas packing dgn tali pengerat\r\n\r\nKOMPOR PORTABLE MINI KOVAR K-203 (WINDPROOF)\r\n\r\nSPESIFIKASI :\r\n* Materia l: Copper Stainless Stell\r\n* Tipe Bahan Bakar : Butane/Propane\r\n* Ukuran Kompor(mm): 145(L) x 145(W) x 120(H)\r\n* Berat : 600g\r\n\r\nISI PAKET\r\n* 1 Kompor Portable Mini\r\n* 1 Tas Poket\r\n\r\nFITUR :\r\n* Mudah digunakan, cocok untuk dibawa camping\r\n* Dengan sistem windproof, memiliki penghalang agar api tidak mudah teriup angin\r\n* Kompor portable ini menggunakan gas kaleng\r\n* Bentuknya yang mini mudah dibawa kemana-mana\r\n* Mudah dinyalakan dan aman</span><br></p>', 40, '2022-09-07 09:31:56', '2022-09-07 09:31:56'),
(82, 13, 'Tenda camping 4-5 person tenda 6-7 orang kemping outdoor', 'app/images/produk/82-1662569659-kPRKf.jpg', 345000, 300, '<p><span style=\"font-family: Roboto, &quot;Helvetica Neue&quot;, Helvetica, Arial, 文泉驛正黑, &quot;WenQuanYi Zen Hei&quot;, &quot;Hiragino Sans GB&quot;, &quot;儷黑 Pro&quot;, &quot;LiHei Pro&quot;, &quot;Heiti TC&quot;, 微軟正黑體, &quot;Microsoft JhengHei UI&quot;, &quot;Microsoft JhengHei&quot;, sans-serif; white-space: pre-wrap;\">tenda murah</span><br></p>', 60, '2022-09-07 09:34:13', '2022-09-07 09:54:19'),
(83, 13, 'PAKET HEMAT CAMPING - BASELAYER MANSET TANGAN OLAHRAGA, SARUNG TANGAN', 'app/images/produk/83-1662569431-9UQcO.jpg', 185000, 180, '<p><span style=\"font-family: Roboto, &quot;Helvetica Neue&quot;, Helvetica, Arial, 文泉驛正黑, &quot;WenQuanYi Zen Hei&quot;, &quot;Hiragino Sans GB&quot;, &quot;儷黑 Pro&quot;, &quot;LiHei Pro&quot;, &quot;Heiti TC&quot;, 微軟正黑體, &quot;Microsoft JhengHei UI&quot;, &quot;Microsoft JhengHei&quot;, sans-serif; white-space: pre-wrap;\">High Quality Gloves\r\n\r\nSarung Tangan untuk musim dingin, naik gunung, kamping, bersepeda dll\r\n\r\nImport Quality\r\n\r\nReady stok Size L &amp; XL\r\n\r\nPilihan warna :\r\n\r\n* Hitam\r\n* Grey\r\n* Navy \r\n\r\nUntuk info detail silahkan chats admin.</span><br></p>', 60, '2022-09-07 09:36:16', '2022-09-07 09:50:31'),
(85, 14, 'Cover tenda dome 4-5 org Snile Malcone Polyester 210T PU 2500 mm', 'app/images/produk/85-1662569372-pFoNu.jpg', 230000, 900, '<p>Harga tersebut di atas hanya dapat&nbsp;:\r\n(1) Cover= 1pcs, \r\n(2) Tas / kantong cover=1 pcs, \r\n(3) Frame teras= 1 lonjor\r\n\r\nPertanyaan umum&nbsp;:\r\n(1) Di foto kok kelihatan lengkap y kak = ketika cover di pasang tampilannya spt itu, biar pembeli paham, kl di lipat spt sarung sulit paham anda.\r\n(2) Di foto &amp; deskripsi ada tulisan yang di dapat\r\n\r\nSupport dg ukuran&nbsp;&nbsp;=\r\n(1) (Pjg : 210 cm x Lbr: 200 cm x Tggi : 130 cm)\r\n(2) (Pjg :&nbsp;210 cm x Lbr: 180 cm x Tggi : 130 cm)\r\n(3) (Pjg :&nbsp;210 cm x Lbr: 200 cm x Tggi : 135 cm)\r\n(4) (Posisi pintu di ukuran 200 cm)\r\n\r\nSpesifikasi bahan material Cover / outer / tutup luar aja (Snile cover 4-5 org) :\r\n(1) Polyester waterproof 210T\r\n(2) PU 2500 MM\r\n(3) Qualitas bahan impor\r\n(4) Kapasitas 4-5 orang\r\n(5) Ritzleting ykk\r\n(6) Double Zipper YKK\r\n(7) Jahitan, benang nylon waterproof\r\n(8) Warna : orange, merah, biru binhur, biru dongker, hijau toska (sesuai stock yg ada)\r\n(9)&nbsp;Pjg&nbsp;keseluruhan = 310 cm,&nbsp;&nbsp;Lbr= 200 cm, Tgi=&nbsp;135 cm)&nbsp; Pjg trs dpn =&nbsp;100 cm\r\n(10)&nbsp;Cara pasang harus bnr jarak inner dgn outer 9 cm, tarik masing2 tali dgn kencang (Aman, rapet)\r\n\r\nTiang teras :\r\n(1) Fiberglass diameter 7,9 mm\r\n(2) Per lonjor = 7,9 mm x 6 btg (330 cm)\r\n(3) Warna Hitam\r\n(4) Sudah include end pole, karet elastic, tinggal di pakai aja\r\n\r\nBerikut bedanya Jenis Cover / tenda Malcone &nbsp;:&nbsp;\r\n(1) One Green cover 2-3P = Cover tanpa teras, 1 pintu\r\n(2) One Way cover 2-3P =&nbsp;Cover pakai trs&nbsp;50 cm, 1 pintu\r\n(3) Savana cover 4-5 P =&nbsp;Trs&nbsp;cover&nbsp;tdk&nbsp;pakai&nbsp;frame, pjg trs 60 cm&nbsp;, 1 pintu\r\n(4) Savana Dolpin 4-5 P =&nbsp;Trs&nbsp;cover&nbsp;tdk&nbsp;pakai frame, pjg trs&nbsp;dpn 60 cm, trs&nbsp;blkg 60 cm, 2 pintu\r\n(5) Snile cover 4-5P = Trs&nbsp;cover dpn&nbsp;pakai frame, pjg&nbsp;trs&nbsp;100 cm, 1 pintu\r\n(6) Snile cover 6-7P = Trs&nbsp;cover dpn&nbsp;pakai frame, pjg&nbsp;trs&nbsp;130 cm, 1 pintu\r\n(7) Avanger&nbsp;cover 4-5P =&nbsp;Pjg trs&nbsp;dpn&nbsp;100 cm pakai frame, Pjg trs blkg&nbsp;60 cm, 2 pintu\r\n\r\nPengetahuan basic :\r\n&nbsp;(1) Inner = Tenda / &nbsp;tenda aja / bagian dlm yg di tutupi cover\r\n&nbsp;(2) Outer = Cover / tutup tenda / tutup bagian luar\r\n\r\nPembeli wajib paham = &nbsp; &nbsp; &nbsp;\r\n(1) Beli cover dpt&nbsp;bonus tas / kantong cover, dlm&nbsp;kondisi apapun bonus tdk bs di komplainkan&nbsp; &nbsp;&nbsp;\r\n(2) Bonus tas / kantong cover hy&nbsp;selama promo msh&nbsp;berlaku&nbsp; aja ya bosq (bs berhenti sewaktu-waktu)&nbsp;&nbsp; &nbsp;\r\n(3)&nbsp;Berfikirlah jika pakai seam seal hrg nya tdk spt di atas, pasti lbh&nbsp;mahal tentunya dong\r\n(4)&nbsp;Kata/kalimat yg tdk ada di deskripsi tdk bisa di permasalahkan / di komplainkan&nbsp;\r\n(5)&nbsp;Hrs&nbsp;ada video original unboxing ketika terima brg\r\n(6) Barang yg sdh di pakai / di rusak secara sengaja tdk bisa di komplainkan\r\n(7) Segala resiko karena jahitan tdk bs di komplainkan (sdh di jelaskan di ats) &nbsp;&nbsp;\r\n(8) Jika pembeli sdh melakukan transaksi,brg&nbsp;tidak bisa di kembalikan (apapun alasannya)<br></p>', 60, '2022-09-07 09:49:32', '2022-09-07 09:49:32'),
(86, 13, 'Tenda camping terpal kapasitas 4-5 orang - Tenda camuflase - Tenda army', 'app/images/produk/86-1662569792-Qa9Xy.jpg', 185000, 180, '<p>stok selalu ready.\r\nSpesifikasi:\r\nSystem : Single Layer\r\nBahan : Parasit Tahan Air\r\nLantai : terpal\r\nFrame : Fiber\r\nPasak : metal\r\nUkuran : 200x200x135\r\nVentilasi : Pada Atap\r\njendela di belakang + kelambu\r\nTerdapat kelambu pada pintu untuk menghalangi serangga masuk ke tenda.\r\nmaaf kalau lbh bagus,\r\nlebih murah drpd toko sebelah he he he<br></p>', 12, '2022-09-07 09:56:32', '2022-09-07 09:56:32'),
(88, 21, 'EXPLORE STORE PROJECT || FLYSHEET 3X4 EXPLORE || FLYSHEET TENDA | FLYSHEET TARPTENT | TENDA DARURAT | TENDA PRAKTIS', 'app/images/produk/88-1662624286-ZA9gp.jpg', 228000, 180, '<p><span style=\"font-family: Roboto, &quot;Helvetica Neue&quot;, Helvetica, Arial, 文泉驛正黑, &quot;WenQuanYi Zen Hei&quot;, &quot;Hiragino Sans GB&quot;, &quot;儷黑 Pro&quot;, &quot;LiHei Pro&quot;, &quot;Heiti TC&quot;, 微軟正黑體, &quot;Microsoft JhengHei UI&quot;, &quot;Microsoft JhengHei&quot;, sans-serif; white-space: pre-wrap;\">Hello, Explorer!\r\nBuat Kalian yang sedang mencari perlatan mendaki, berkemah dan berpetualang, kami punya lho! Namanya adalah Flysheet Explore, Kali ini kami akan memperenalkan produk bernama Flysheet Explore Gear. Ia sangat berguna sebagai tenda darurat,alas tenda, dan pelindung dari hujan saat di luar ruangan. Tersedia juga lho dalam ukuran  ada yang 2x3 Meter, ada yang 3x3 Meter, ada juga yang 4x3 Meter. Jahitannya sudah di lem, sehingga tahan air, dan tidak rembes, \r\n\r\nFlysheet (cover tenda) sangat cocok untuk mendukung kegiatan di luar ruangan (outdoor), digunakan sebagai pelindung tambahan tenda sehingga aman dari panas dan air hujan. Atau bisa juga digunakan sebagai tenda darurat atau pun alas tenda. Nikmati waktu berpetualangmu dengan di temani Flysheet Explore:)\r\n\r\nSpesifikasi : \r\nSize: 3x4 meter \r\nBahan : parasut waterproof\r\nsudah termasuk tali dan pasak ( 8 pcs)</span><br></p>', 40, '2022-09-08 01:03:19', '2022-09-08 01:04:46'),
(89, 21, 'EXPLORE STORE PROJECT || FLYSHEET 3X3 ALAS TENDA | FLYSHEET WATERPROOF', 'app/images/produk/89-1662624380-71vme.jpg', 188000, 900, '<p><span style=\"font-family: Roboto, &quot;Helvetica Neue&quot;, Helvetica, Arial, 文泉驛正黑, &quot;WenQuanYi Zen Hei&quot;, &quot;Hiragino Sans GB&quot;, &quot;儷黑 Pro&quot;, &quot;LiHei Pro&quot;, &quot;Heiti TC&quot;, 微軟正黑體, &quot;Microsoft JhengHei UI&quot;, &quot;Microsoft JhengHei&quot;, sans-serif; white-space: pre-wrap;\">Hello, Explorer!\r\nBuat Kalian yang sedang mencari perlatan mendaki, berkemah dan berpetualang, kami punya lho! Namanya adalah Flysheet Explore, Kali ini kami akan memperenalkan produk bernama Flysheet Explore Gear. Ia sangat berguna sebagai tenda darurat,alas tenda, dan pelindung dari hujan saat di luar ruangan. Tersedia juga lho dalam ukuran  ada yang 2x3 Meter, ada yang 3x3 Meter, ada juga yang 4x3 Meter. Jahitannya sudah di lem, sehingga tahan air, dan tidak rembes, \r\n\r\nFlysheet (cover tenda) sangat cocok untuk mendukung kegiatan di luar ruangan (outdoor), digunakan sebagai pelindung tambahan tenda sehingga aman dari panas dan air hujan. Atau bisa juga digunakan sebagai tenda darurat atau pun alas tenda. Nikmati waktu berpetualangmu dengan di temani Flysheet Explore:)</span><br></p>', 60, '2022-09-08 01:06:20', '2022-09-08 01:06:20'),
(90, 21, 'Decathlon Quechua Mendaki Trekking Camping Pole 100 Blue - 8493063', 'app/images/produk/90-1662624512-zYfCn.jpg', 119000, 900, '<p><span style=\"font-family: Roboto, &quot;Helvetica Neue&quot;, Helvetica, Arial, 文泉驛正黑, &quot;WenQuanYi Zen Hei&quot;, &quot;Hiragino Sans GB&quot;, &quot;儷黑 Pro&quot;, &quot;LiHei Pro&quot;, &quot;Heiti TC&quot;, 微軟正黑體, &quot;Microsoft JhengHei UI&quot;, &quot;Microsoft JhengHei&quot;, sans-serif; white-space: pre-wrap;\">USER BENEFITS :\r\n- Pegangan ergonomis : Handel busa yang fleksibel dan nyaman. Knob di atas handel\r\n- Dapat disetel : Diatur dengan sistem pin yang sederhana dan mudah: pin tekan.\r\n- Ringan : 200 gram\r\n- Desain terpadu : Dapat dilipat menjadi 3 bagian. panjang lipatan:55 cm, panjang tambahan: 120 cm\r\n- Ketahanan : tip baja\r\n\r\nComposition :\r\nBatang : 100.0% Aluminium Pegangan : 100.0% Poliuretan (PU)\r\n\r\nHanya dapat 1 bukan 1 pasang</span><br></p>', 60, '2022-09-08 01:08:32', '2022-09-08 01:08:32'),
(91, 13, 'Sunrei CC-SE Lampu Tenda Camping Cahaya Terang Lampu tenda murah', 'app/images/produk/91-1662624669-QgMNG.jpg', 125000, 180, '<p><span style=\"font-family: Roboto, &quot;Helvetica Neue&quot;, Helvetica, Arial, 文泉驛正黑, &quot;WenQuanYi Zen Hei&quot;, &quot;Hiragino Sans GB&quot;, &quot;儷黑 Pro&quot;, &quot;LiHei Pro&quot;, &quot;Heiti TC&quot;, 微軟正黑體, &quot;Microsoft JhengHei UI&quot;, &quot;Microsoft JhengHei&quot;, sans-serif; white-space: pre-wrap;\">Lampu tenda serbaguna dari Sunrei dengan desain kayu disekelilingnya berpadukan ring chrome membuat lampu tenda ini menjadi sangat klasik. Terdapat plat magnet di dalamnya sehingga dapat ditempel di permukaan besi, ataupun digantung menggunakan hook yang sudah disediakan.\r\n\r\nMerek : Sunrei\r\nModel no : CC-SE \r\nKategori : Lampu Tenda\r\nLumens	: 220 lm\r\nMode Lampu: Camping mode, Flashlight mode dan SOS \r\nWarna : Hitam\r\nWarna Cahaya: \r\n*Putih (Flashlight)\r\n*Warm (Camping)\r\n*Merah (Camping dan SOS)\r\nMaterial : \r\n*Doff (Lampu)\r\n*Aluminium alloy (Ring)\r\n*Plastik (Tutup Belakang)\r\n*Karet (Tombol) \r\nDimensi	: 8 x 8 x 4.5cm \r\nBerat : 100.5gr (Tanpa Baterai)\r\nIsi Paket	: \r\n*1x Lampu Tenda\r\n*3x baterai AA\r\nGaransi : 1 tahun (kecuali human error)\r\n\r\nParameters :\r\n* Camping Mode Tinggi : 220 lumens // 14 meter // 12 jam\r\n* Camping Mode Sedang : 80 lumens // 9 meter // 36 jam\r\n* Camping Mode Redup : 7 lumens // 3 meter // 260 jam\r\n* Camping Mode Redup (Merah) : 4 lumens // 0 meter // 64 jam\r\n* Camping Mode SOS (Merah) : 0 lumens // 0 meter // 0 jam\r\n* Flashlight Mode Tinggi : 205 lumens // 90 meter // 11 jam\r\n* Flashlight Mode Sedang : 75 lumens // 56 meter // 43 jam\r\n\r\nFitur Produk :\r\n*Tingkat waterproof IPX6, terlindungi dari semprotan air yang kuat dan hujan deras\r\n*Terdapat hook dan plat magnet sehingga dapat digantung maupun ditempel di permukaan besi\r\n*Ringan dan kecil, mudah dibawa kemanapun\r\n*Menggunakan baterai AA, mudah dibawa dan diganti kapanpun\r\n*Tombol yang dilapisi karet waterproof dan anti slip\r\n*Cocok digunakan untuk hiking, camping, penggunaan sehari-hari (membaca, perbaikan di ruang gelap, dll)\r\n\r\nNOTE : Harap melepas baterai yang terpasang apabila tidak digunakan dalam jangka waktu yang lama agar headlamp lebih awet dan tidak ada kebocoran baterai</span><br></p>', 60, '2022-09-08 01:10:31', '2022-09-08 01:11:09'),
(92, 21, 'MINIBEST Kursi Lipat Camping Kursi Lipat Outdoor Portable Kursi Gunung Bangku Extra Besar Super Kokoh', 'app/images/produk/92-1662640513-XO9Qw.jpg', 138000, 900, '<p><span style=\"font-family: Roboto, &quot;Helvetica Neue&quot;, Helvetica, Arial, 文泉驛正黑, &quot;WenQuanYi Zen Hei&quot;, &quot;Hiragino Sans GB&quot;, &quot;儷黑 Pro&quot;, &quot;LiHei Pro&quot;, &quot;Heiti TC&quot;, 微軟正黑體, &quot;Microsoft JhengHei UI&quot;, &quot;Microsoft JhengHei&quot;, sans-serif; white-space: pre-wrap;\">\"Vusign Folding Chair / Kursi Lipat Outdoor Camping Mancing Portable VS90X\" \r\n\r\nMerk: Vusign \r\n\r\n- Berukuran: \r\nM: 31 x 24 x 47 cm \r\nL: 35.5 x 28.5 x 58 cm \r\nXL: 44.5 x 35.5 x 69 cm \r\n\r\n-Terbuat dari bahan 600D Oxford \r\n-Sangat tebal \r\n-Tidak mudah rusak atau robek\r\n-Tersedia 3 pilihan warna \r\n- Dapat dilipat untuk memudahkan penyimpanan \r\n- Alas anti slip \r\n-Cocok untuk kegiatan perkemahan, m</span><br></p>', 60, '2022-09-08 05:33:02', '2022-09-08 05:35:13'),
(93, 21, 'Raung Adventure - Matras Camping / Matras Yoga / Lapangan - Bahan Spon Tebal', 'app/images/produk/93-1662640590-mUHZ5.jpg', 245000, 180, '<p><span style=\"font-family: Roboto, &quot;Helvetica Neue&quot;, Helvetica, Arial, 文泉驛正黑, &quot;WenQuanYi Zen Hei&quot;, &quot;Hiragino Sans GB&quot;, &quot;儷黑 Pro&quot;, &quot;LiHei Pro&quot;, &quot;Heiti TC&quot;, 微軟正黑體, &quot;Microsoft JhengHei UI&quot;, &quot;Microsoft JhengHei&quot;, sans-serif; white-space: pre-wrap;\">Selamat datang di Official Store Resmi Raung Adventure di Shopee\r\n1. Jaminan retur\r\n2. COD\r\n3. Proses 1x24 jam\r\n4. Gratis ongkir menggunakan pembayaran Shopeepay\r\n\r\nMerek Raung Adventure\r\nProduk sesuai foto\r\nUkuran : Panjang 180 cm x Lebar 60 Cm\r\nWarna: Hitam, Hijau, Abu, Merah, Kuning\r\nKetebalan: kurang lebih 4 mm #matras #matrasoutdoor #matrasyoga #matrasgunung</span><br></p>', 60, '2022-09-08 05:36:30', '2022-09-08 05:36:30'),
(94, 21, 'Bright Crown Matras Camping Lipat Bahan Foam Uk 183 x 59cm x 1cm Free Tas Penyimpanan', 'app/images/produk/94-1662640698-n4z6x.jpg', 34000, 180, '<p><span style=\"font-family: Roboto, &quot;Helvetica Neue&quot;, Helvetica, Arial, 文泉驛正黑, &quot;WenQuanYi Zen Hei&quot;, &quot;Hiragino Sans GB&quot;, &quot;儷黑 Pro&quot;, &quot;LiHei Pro&quot;, &quot;Heiti TC&quot;, 微軟正黑體, &quot;Microsoft JhengHei UI&quot;, &quot;Microsoft JhengHei&quot;, sans-serif; white-space: pre-wrap;\">Terbaru di Indonesia ,Bright Crown Matras Camping Lipat \r\n\r\nKakak suka hiking / olahraga outdoor / pecinta aktivitas olahraga outdoor , suka bingung jika tidurnya ga nyaman waktu sedang aktivitas olahraga outdoor ? \r\n\r\nKini kami telah hadir matras camping lipat , untuk matras camping lipat ini sudah dilengkapi dengan tas penyimpanan yang memudahkan kakak untuk melakukan aktivitas olahraga outdoor yang terbuat dari Foam XPE\r\n\r\nspesifikasi produk = \r\nBahan = XPE FOAM\r\nUkuran Sebelum dibuka = 59 cm x 11 cm x 15cm\r\nUkuran Setelah Dilebarin = 59cm x 183cm x 1cm\r\nProduk sangat ringan sehingga tidak berat untuk dibawa dan membawa kehangatan dalam melakukan aktivitas olahraga outdoor \r\nProduk bisa dilipat hingga dalam bentuk yang kecil jadi memudahkan untuk dibawa\r\n\r\nWarna = Bolak Balik ada warna \r\n1. Biru + Pink\r\n2.Ungu + Pink\r\n3.Hijau + Ungu\r\n\r\nBerat Aktual barang = 50g (Sangat Ringan dan mudah dibawa)\r\nBerat  disesuaikan dengan volume / dimensi produk = 2kg</span><br></p>', 60, '2022-09-08 05:38:18', '2022-09-08 05:38:18');
INSERT INTO `admin_produk` (`id`, `id_user`, `nama`, `foto`, `harga`, `berat`, `deskripsi`, `stok`, `created_at`, `updated_at`) VALUES
(95, 21, 'SPEEDS Matras Lipat Foam Pad Camping Gunung Hiking Traveling Sleeping Pad Outdoor Portable 027-18', 'app/images/produk/95-1662640749-gRhqt.jpg', 85000, 180, '<p>Matras Lipat Foam Speeds\r\n\r\nMatras serbaguna dengan perpaduan tekstur yang lembut, flexibel dan hangat. Disertai dengan motif 3D tempat telur yang nyaman menjadikan foam pad ini terbaik di kelasnya, serta memiliki berat ringan menjadikan matras ini mudah untuk dibawa.\r\n\r\nSpesifikasi :\r\nUkuran : 60cmx195cmx10mm\r\nPilihan warna : Abu + Kuning | Kuning + Biru | Orange + Hitam | Abu + Hitam\r\n\r\nMOHON PERHATIKAN VARIAN PRODUK SEBELUM ORDER !!!\r\n027-16 KARPET SAJADAH LIPAT\r\n027-17 MATRAS YOGA DAN CAMPING GULUNG\r\n027-18 MATRAS CAMPING LIPAT\r\n\r\nKAMI PROSES SESUAI YANG PEMBELI PILIH DAN KLIK PADA VARIAN. JIKA ADA KESALAHAN KLIK PADA VARIAN YANG DIBELI, TIDAK BISA RETUR ATAU TUKAR\r\nHarap videokan unboxing! No unboxing = No komplain\r\n#matrasgunung #matraslipat<br></p>', 60, '2022-09-08 05:39:09', '2022-09-08 05:39:09'),
(96, 21, 'MATRAS YOGA CAMPING MATRAS ALAS YOGA OLAHRAGA OUTDOOR ALAS CAMPING MURAH', 'app/images/produk/96-1662640833-gH0Dv.jpg', 185000, 100, '<p>MATRAS YOGA CAMPING MATRAS ALAS YOGA OLAHRAGA OUTDOOR ALAS CAMPING MURAH\r\n\r\nUkuran 180cm x 60cm\r\n\r\n1. Matras Yoga / Camping ini terbuat dari Bahan Spon Karet Anti Slip , Tidak Licin , Good Quality , Good Price\r\n2. Dilengkapi dengan tali pengikat yang elegan dengan klip pengunci praktis pada saat selesai digunakan / digulung\r\n3. Nyaman digunakan dan tidak mudah sobek\r\n4. Bisa digunakan sebagai matras Yoga maupun Matras Camping (Olahraga, outdoor, Hiking, Camping, Fishing/memancing, Rekreasi, dll )\r\n5. Kombinasikan matras ini dengan sleeping bag untuk keperluan petualangan / adventure Anda\r\n6. Bisa juga digunakan sebagai alas untuk tidur di asrama / pesantren ataupun kegiatan lainnya seperti event-event khusus atau para relawan di lokasi bencana atau lokasi penelitian)\r\n\r\n💢Kami menerima segala macam komplain (terutama jika memang karena kesalahan Kami). Harap videokan paket saat barang diterima/dibuka. 🙏<br></p>', 12, '2022-09-08 05:40:33', '2022-09-08 05:40:33'),
(97, 21, 'Sarung Tangan Musim Dingin Gunung Mendaki Zuna Gloves Outdoor Trekking Unisex Wilis', 'app/images/produk/97-1662640897-BH0iP.jpg', 185000, 900, '<p>Sarung Tangan Outdoor dengan style Wilis ini siap untuk menemani Hobi Trekkingmu\r\n\r\n**FREE SARUNG TANGAN FLEECE SETIAP PEMBELIAN DIATAS Rp 200.000**\r\n\r\nDetail Telapak Atas\r\n\r\n1) Bagian Telunjuk dapat ditekuk (Open Finger) sehingga lebih fleksibel \r\n2) Two Way Spandex Untuk peregangan dan fleksibilitas maksimum\r\n3) Neoprene Cuff Untuk perlindungan pergelangan tangan\r\n\r\nDetail Telapak Bawah\r\n\r\n1) High Martindale Suede untuk daya tahan dan daya gesek maksimum\r\n2) ULTRAMATE® Tab Untuk penyesuaian pergelangan tangan\r\n\r\nSize Chart Circumrefrence\r\n\r\nS : 20 cm\r\nM : 21 cm\r\nL : 22 cm\r\nXL : 23 cm\r\n\r\nPastikan mengukur ukuran sarung tangan dengan posisi jari terbuka dan bentangkan mulai dari telapak tangan yang paling lebar sampai mengelilingi lingkar telapak tangan, seperti gambar pada deskripsi\r\n\r\nToleransi Ukuran +- 0,5 cm\r\n\r\nZuna Gloves\r\n\r\n#GlovesForEveryone <br></p>', 60, '2022-09-08 05:41:37', '2022-09-08 05:41:38'),
(98, 13, 'Hammock Tenda Ayunan Gantung Mandala Series Antarestar', 'app/images/produk/98-1662641028-tnhEo.jpg', 185000, 4000, '<p><span style=\"font-family: Roboto, &quot;Helvetica Neue&quot;, Helvetica, Arial, 文泉驛正黑, &quot;WenQuanYi Zen Hei&quot;, &quot;Hiragino Sans GB&quot;, &quot;儷黑 Pro&quot;, &quot;LiHei Pro&quot;, &quot;Heiti TC&quot;, 微軟正黑體, &quot;Microsoft JhengHei UI&quot;, &quot;Microsoft JhengHei&quot;, sans-serif; white-space: pre-wrap;\">Hammock Tenda Ayunan Gantung Mandala Series Antarestar\r\nBisa jadi Hammock dan bisa jadi Tenda\r\nKelebihan Hammock ini :\r\n- Ini adalah Hammock berkualitas tinggi, harga sesuai dengan kualitas karena Hammock ini bisa menahan beban hingga 170kg.\r\n- Full bartex jahitan pengaman.\r\n- Hammock ini cukup lebar, bahkan untuk menampung 2 orang dewasa sekalipun\r\n- Tali webbing sangat kuat dan cukup panjang , penahan/penggantung yang jaraknya cukup jauh.\r\n- Kualitas bahan sangat kuat, namun ringan saat dibawa/digunakan berpetualang\r\n- Anak gunung atau yang mengerti barang pasti tahu kualitas produk Kami dengan hanya melihat foto/video\r\n- Sangat nyaman digunakan pada saat traveling, backpacking, berpetualang, hiking, kemah/camping, ataupun sekedar bersantai di teras/di area rumah/kebun/dsb\r\n- Hammock juga dapat digunakan sebagai sarana tempat belajar atau bermain anak dengan santai dan menyenangkan di sekitar rumah maupun pada saat traveling\r\n</span></p><div><span style=\"color: rgba(0, 0, 0, 0.8); font-family: Roboto, &quot;Helvetica Neue&quot;, Helvetica, Arial, 文泉驛正黑, &quot;WenQuanYi Zen Hei&quot;, &quot;Hiragino Sans GB&quot;, &quot;儷黑 Pro&quot;, &quot;LiHei Pro&quot;, &quot;Heiti TC&quot;, 微軟正黑體, &quot;Microsoft JhengHei UI&quot;, &quot;Microsoft JhengHei&quot;, sans-serif; white-space: pre-wrap; background-color: rgb(255, 255, 255);\"><br></span></div>', 60, '2022-09-08 05:43:48', '2022-09-08 05:43:48'),
(99, 13, 'Antarestar Hammock Double Ayunan Gantung Kombinasi 2 Warna Tempat Tidur Ayunan Kasur Gantung Camping Outdoor An', 'app/images/produk/99-1662641131-2yoeT.jpg', 119000, 180, '<p><span style=\"font-family: Roboto, &quot;Helvetica Neue&quot;, Helvetica, Arial, 文泉驛正黑, &quot;WenQuanYi Zen Hei&quot;, &quot;Hiragino Sans GB&quot;, &quot;儷黑 Pro&quot;, &quot;LiHei Pro&quot;, &quot;Heiti TC&quot;, 微軟正黑體, &quot;Microsoft JhengHei UI&quot;, &quot;Microsoft JhengHei&quot;, sans-serif; white-space: pre-wrap;\">Antarestar Hammock Double Ayunan Gantung Kombinasi 2 Warna Tempat Tidur Ayunan Kasur Gantung Camping Outdoor \r\n\r\ngaransi 1 bulan\r\n\r\nAnak Gunung Atau Yang Mengerti Barang Pasti Tahu Kualitas Produk Kami Dengan Hanya Melihat Foto/Video - Sangat Nyaman Digunakan Pada Saat Traveling, Backpacking, Berpetualang, Hiking, Kemah/Camping, Ataupun Sekedar 12.Bersantai Di Teras/Di Area Rumah/Kebun/Dsb - Hammock Juga Dapat Digunakan Sebagai Sarana Tempat Belajar Atau Bermain Anak Dengan Santai Dan Menyenangkan Di Sekitar Rumah Maupun Pada Saat Traveling\r\n\r\n1. Hammock Ini Cukup Lebar Dengan Ukuran (130cm x 210cm)\r\n2. Jahitan Pengaman Full Bartex Lebih Kuat\r\n3. Tali Webbing Sangat Kuat Dan Cukup Panjang , Penahan/Penggantung Yang Jaraknya Cukup Jauh.\r\n4. Kualitas Bahan Sangat Kuat, Namun Ringan Saat Dibawa/Digunakan Berpetualang\r\n5. Garansi Jika Tidak Sesuai Dengan Produk\r\n6. Hammock Double 2 Warna Bahan Lebih Bagus Dan Kuat Kelebihan\r\n7. Ini Adalah Hammock Berkualitas Tinggi, Harga Sesuai Dengan Kualitas Karena Hammock Ini Bisa Menahan Beban Hingga 120kg.\r\n\r\n💢Kami menerima segala macam komplain (terutama jika memang karena kesalahan Kami). Harap videokan paket saat barang diterima/dibuka. 🙏\r\n\r\nAlasan kenapa harus belanja di tempat Kami :\r\n✔ Kami berkomitmen untuk memberikan pelayanan yang terbaik (boleh tukar/retur jika produk yang diterima tidak sesuai deskripsi/foto produk, kurang), karena stock milik kami sendiri.\r\n✔ Ada bonus untuk yang order banyak dan atau yang kasih review bagus serta bintang 5 yang terpilih \r\n✔ Bisa bayar menggunakan metode COD (Cash On Delivery). Bayar ke kurir yang mengantarkan paket di rumah Anda\r\nBelanja Online praktis dengan COD tanpa ribet transfer-transfer atau pergi ke mini market untuk bayar.\r\n\r\nReady stock silahkan diorder . Jika ada pertanyaan lebih lanjut silahkan chat admin kak. Terimakasih :)</span><br></p>', 24, '2022-09-08 05:45:31', '2022-09-08 05:45:31'),
(100, 13, 'EXPLORE STORE PROJECT || FLYSHEET 2X3 || TENDA PRAMUKA | TENDA DARURAT | TENDA TARPTENT | FLYSHEET WATERPROOF', 'app/images/produk/100-1662641244-x3L9q.jpg', 185000, 180, '<p>Hello, Explorer!\r\nBuat Kalian yang sedang mencari perlatan mendaki, berkemah dan berpetualang, kami punya lho! Namanya adalah Flysheet Explore, Kali ini kami akan memperenalkan produk bernama Flysheet Explore Gear. Ia sangat berguna sebagai tenda darurat,alas tenda, dan pelindung dari hujan saat di luar ruangan. Tersedia juga lho dalam ukuran  ada yang 2x3 Meter, ada yang 3x3 Meter, ada juga yang 4x3 Meter. Jahitannya sudah di lem, sehingga tahan air, dan tidak rembes, \r\n\r\nFlysheet (cover tenda) sangat cocok untuk mendukung kegiatan di luar ruangan (outdoor), digunakan sebagai pelindung tambahan tenda sehingga aman dari panas dan air hujan. Atau bisa juga digunakan sebagai tenda darurat atau pun alas tenda. Nikmati waktu berpetualangmu dengan di temani Flysheet Explore:)\r\n\r\nSpesifikasi : \r\nSize: 3x3 meter \r\nBahan : parasut waterproof\r\nTerdapat 18 loop\r\nsudah termasuk tali dan pasak ( 8 pcs)\r\n\r\n\r\n#flysheet #flysheetexplore #tendapramuka #terpal #terpalgunung #tendadarurat #tendahammock #flysheethammock #tendaexplore #flysheettenda #alastenda #outdoor #kenopi #pantai #villa #outbount #outdoor #kemah #camping #hiking #touring<br></p>', 60, '2022-09-08 05:47:24', '2022-09-08 05:47:24'),
(101, 13, 'Outdoor Indonesia - 000124 - Paket Alat Masak Cooking Set dan plus Kompor Camping Nesting DS SY 200 Outdoor Nasting', 'app/images/produk/101-1662641420-Gv99W.jpg', 183000, 900, '<p>Isi Paket Kompor :\r\n- Kompor Portable\r\n- Tas Kompor\r\n\r\nCooking set 1-2 person DS SY 200\r\nfrying pan 1 : 145 x 40 mm\r\npanci 1 : 135 x 75 mm\r\nmangkok kecil 2 pcs\r\ncentong sayur 1 pcs\r\nsendok nasi 1 pcs\r\nspons untuk mencuci 1 pcs<br></p>', 60, '2022-09-08 05:50:20', '2022-09-08 05:50:20'),
(102, 13, 'Outdoor Indonesia - 000085 - Kompor Camping / kompor gunung / kompor Portable Mini / kompor Kotak / kompor mini', 'app/images/produk/102-1662642107-7n7Kb.jpg', 185000, 4000, '<p>kompor Camping Portable Mini KOVAR ZT-202\r\nMudah digunakan, cocok untuk dibawa kamping\r\n- Kompor portable ini menggunakan gas kaleng\r\n- Bentuknya yang mini mudah dibawa kemana-mana\r\n- Mudah dinyalakan dan aman\r\n\r\nSpesifikasi\r\n- Material: copper stainless stel\r\n- Tipe bahan bakar: butane/ propane\r\n\r\nPaket termasuk\r\n- 1 kompor portable mini\r\n- 1 tas poket\r\n\r\nUkuran kompor(mm): 110(L) x 102(W) x 99(H)\r\n\r\nWarna Silver\r\n\r\nCATATAN :\r\n* NoReturn/NoGaransi<br></p>', 60, '2022-09-08 06:01:47', '2022-09-08 06:01:47'),
(103, 13, 'Outdoor Indonesia - 000303 - Paket lengkap alat masak camping cooking set DS / SY 308 kompor windproof/kembang', 'app/images/produk/103-1662642160-Chvwh.jpg', 336000, 900, '<p>Overview Paket Hemat kompor windproof / kembang dan Cooking Set ds 308.\r\n\r\nSangat cocok anda bawa camping, hiking, travelling, piknik, atau kegiatan outdoor lainnya.\r\nBagi anda anak kost paket alat masak ini juga bisa dimanfaatkan untuk memasak di dalam kost.\r\nBentuk kompor dan cooking set sangat simple dan ramping sehingga mudah dibawa kemana-mana dan tentunya tidak memakan tempat di tas carrier anda.\r\n\r\nIsi Paket 3:\r\n- Kompor Windproof (free tas pocket)\r\n- Cooking set DS 308 (free tas pocket)\r\n- Gas Norvus 260gr <br></p>', 60, '2022-09-08 06:02:40', '2022-09-08 06:02:40'),
(104, 14, 'Deli Motion Sensor Headlamp / Lampu Kepala Dengan Sensor Gerak DL5415', 'app/images/produk/104-1662642248-GK6cr.jpg', 125000, 180, '<p class=\"_2jrvqA\" style=\"margin-right: 0px; margin-bottom: 0px; margin-left: 0px;\">Merk : Deli</p><p class=\"_2jrvqA\" style=\"margin-right: 0px; margin-bottom: 0px; margin-left: 0px;\">Bahan: Plastik + papan Sirkuit</p><p class=\"_2jrvqA\" style=\"margin-right: 0px; margin-bottom: 0px; margin-left: 0px;\">\r\n</p><p class=\"_2jrvqA\" style=\"margin-right: 0px; margin-bottom: 0px; margin-left: 0px;\">Voltage: 3.7V</p><p class=\"_2jrvqA\" style=\"margin-right: 0px; margin-bottom: 0px; margin-left: 0px;\">Kapasitas Baterai: 1200mah</p><p class=\"_2jrvqA\" style=\"margin-right: 0px; margin-bottom: 0px; margin-left: 0px;\">Wattage: 3W</p><p class=\"_2jrvqA\" style=\"margin-right: 0px; margin-bottom: 0px; margin-left: 0px;\">Lumens: 120lm</p><p class=\"_2jrvqA\" style=\"margin-right: 0px; margin-bottom: 0px; margin-left: 0px;\">\r\n</p><p class=\"_2jrvqA\" style=\"margin-right: 0px; margin-bottom: 0px; margin-left: 0px;\">1. 4 tingkat sumbu LED yang dapat disesuaikan dan 2 tingkat sumbu COB yang dapat disesuaikan, memenuhi berbagai kebutuhan kerja</p><p class=\"_2jrvqA\" style=\"margin-right: 0px; margin-bottom: 0px; margin-left: 0px;\">2. Baterai 103040 bawaan 1.200mAh, mendukung jam kerja yang panjang</p><p class=\"_2jrvqA\" style=\"margin-right: 0px; margin-bottom: 0px; margin-left: 0px;\">3. Panel kontrol presisi bawaan, untuk biaya siklus yang aman</p><p class=\"_2jrvqA\" style=\"margin-right: 0px; margin-bottom: 0px; margin-left: 0px;\">4. Sistem sensor cerdas bawaan, yang dapat merasakan dan mengontrol sakelar lampu dengan lambaian tangan Anda</p><p class=\"_2jrvqA\" style=\"margin-right: 0px; margin-bottom: 0px; margin-left: 0px;\">5. Sabuk ringan poliester elastis yang dapat disesuaikan, nyaman dipakai</p>', 60, '2022-09-08 06:04:08', '2022-09-08 06:04:08'),
(105, 14, 'Lampu Induksi Usb Rechargeable Zoom Headlamp Daya Tinggi Super Terang Berkemah Di Luar Ruangan Jarak Jauh Lampu Sorot T8 Led Senter', 'app/images/produk/105-1662642296-1ISeX.jpg', 195000, 180, '<p>Fitur:\r\n\r\n* Sumbu LED terang T8, sumbu T8 kecerahan tinggi dan jarak jauh, cocok untuk penerangan rumah atau umum.\r\n\r\n* Lambaikan tangan Anda untuk merasakan, bebaskan tangan Anda. Anda dapat melambaikan tangan Anda untuk mengontrol cahaya, cukup lambaikan tangan Anda di area penginderaan di depan kepala lampu untuk mengontrol pencahayaan dan mematikan lampu depan. Sangat cocok untuk pekerjaan di luar ruangan di malam hari tanpa perlu berulang kali menekan tombol.\r\n\r\n* Zoom berputar paduan aluminium 360 °, ukuran tempat yang dapat disesuaikan, kompatibel dengan pencahayaan jauh dan dekat, untuk memenuhi berbagai kebutuhan.\r\n\r\n* Dua mode pencahayaan, mode astigmatisme, sudut lebar 50², pencahayaan banjir besar jarak pendek, mode sorotan, jarak jauh 230m, pencahayaan jarak jauh memiliki bidang penglihatan yang jelas.\r\n\r\n* 3 tingkat peredupan dan mode induksi, 3 tingkat peredupan, tekan sekali untuk mengaktifkan mode cahaya kuat, tekan lagi untuk mengaktifkan mode cahaya rendah, tekan lagi untuk mengaktifkan mode flash burst, tekan lama selama 3 detik untuk mengaktifkan fungsi penginderaan.\r\n\r\n* Antarmuka USB, dapat mengisi daya ponsel. Pengisian multi-fungsi dan nyaman, baterai lithium 2 * 1200mAh 18650 dapat digunakan untuk pengisian darurat berbagai perangkat digital.\r\n\r\n* Tampilan daya cerdas, tampilan daya 25%, 50%, 75%, 100%, dapat mengingatkan sisa daya secara real time.\r\n\r\n* Rentang aplikasi yang luas, konsentrasi tinggi yang sangat baik dan pemotretan jarak jauh, dan area iradiasi cocok untuk aktivitas luar ruangan seperti liar, berkuda di malam hari, mendaki gunung, dan aktivitas luar ruangan lainnya.\r\n</p><div><span style=\"color: rgba(0, 0, 0, 0.8); font-family: Roboto, &quot;Helvetica Neue&quot;, Helvetica, Arial, 文泉驛正黑, &quot;WenQuanYi Zen Hei&quot;, &quot;Hiragino Sans GB&quot;, &quot;儷黑 Pro&quot;, &quot;LiHei Pro&quot;, &quot;Heiti TC&quot;, 微軟正黑體, &quot;Microsoft JhengHei UI&quot;, &quot;Microsoft JhengHei&quot;, sans-serif; white-space: pre-wrap; background-color: rgb(255, 255, 255);\"><br></span></div>', 24, '2022-09-08 06:04:56', '2022-09-08 06:04:56'),
(106, 14, 'DTG kursi lipat Sandaran Portable/ outdoor / kursi santai / kursi mancing Termurah!!', 'app/images/produk/106-1662642365-rUUEx.jpg', 97000, 180, '<p>Selamat Datang Di DTG Official Store\r\n\r\nPunya hobi memancing? atau sering bingung karena kesulitan membawa alas untuk anda duduk? Tidak perlu khawatir lagi karena ada kursi lipat yang cocok untuk anda bawa pada saat seperti itu. Dapat di lipat dan mudah di bawa karena tidak memakan tempat.\r\n\r\nSpesifikasi:\r\n-Desain simple dan mudah dibawa kemana aja.\r\n-Ringan dan Mudah Dilipat\r\n-Maximum 100 Kg.\r\n-Dilengkapi dengan tas untuk menaru kursi lipat\r\n\r\nUkuran terpasang\r\nTinggi dudukan 34cm\r\n=35cmx32cmx59cm\r\nukuran terlipat\r\n=59cmx11cmx11cm\r\nberat 1kg<br></p>', 10, '2022-09-08 06:06:05', '2022-09-08 06:06:05'),
(107, 14, 'Lampu Tenda SPEEDS Camping Tent LED Emergency Lamp Model Bakpao Senter Darurat YD2 Lentera 018-39', 'app/images/produk/107-1662642410-KuZ0b.jpg', 185000, 180, '<p>LAMPU TENDA / LAMPU EMERGENCY MODEL UNIK BAKPAU\r\nLampu multifungsi bisa untuk camping, di rumah, mobil, dan lain-lain. Lampu dilengkapi dengan magnet yang dapat ditempelkan ke besi tanpa perlu diikat. Dilengkapi dengan fungsi carabiner untuk pegangan di tas, carrier, tenda atau dimanapun. \r\n\r\nSpecification:\r\n- Main Material: ABS\r\n- Product color: As shown in the pictures\r\n- Powered: By 3XAAA batteries (Baterai tidak termasuk dalam Paket)\r\n- Power: 3W\r\n- Switch type: Button\r\n- Size: 70mm*42mm<br></p>', 60, '2022-09-08 06:06:50', '2022-09-08 06:06:50'),
(108, 14, 'Lampu Tenda Camping Gantung 5 Mode / Lampu Emergency 180lm', 'app/images/produk/108-1662642462-B6TCb.jpg', 119000, 180, '<p>witch ( 5 mode lighting mode )\r\nLight camping lamp\r\nStrong magnetic adsorption\r\n180 lumens\r\nSMD\r\nMengunakan baterai 3xAAA\r\n( Tidak termasuk )\r\nConvenient hanging hook<br></p>', 60, '2022-09-08 06:07:42', '2022-09-08 06:07:42'),
(109, 21, 'Tracking Pole 110 cm - Trekking Pole - Tongkat Gunung - Tongkat - Trackpole - Treking Pole Gunung', 'app/images/produk/109-1662642538-096Nv.jpg', 185000, 180, '<p>Tracking Pole - Trekking Pole - Tongkat Gunung - Tongkat - Trackpole - Treking Pole Antishock\r\n\r\nFungsi dan manfaat :\r\n- Membantu mendapatkan ritme konsisten pendakian.\r\n- Menjaga keseimbangan, sangat membantu saat kelelahan.\r\n- Membantu mendorong tubuh bergerak ke depan.\r\n- Ujung tongkat dapat digunakan untuk memeriksa jalur trekking sebelum melangkah.\r\n- Menjaga keseimbangan tubuh saat berjalan ditempat yang licin.\r\n- Membantu mengurangi ketegangan tubuh.\r\n- Bahan kuat dan awet\r\n\r\nWARNA : Merah, Biru, Silver, Hitam.<br></p>', 24, '2022-09-08 06:08:58', '2022-09-08 06:08:58'),
(110, 21, 'isa COD Trekking Pole Antishock 135 cm Alloy - Tongkat Pendaki - Tongkat Gunung - Tracking Pole', 'app/images/produk/110-1662642587-Wd9CI.jpg', 50000, 900, '<p>Trekking Pole Antishock 135 cm Alloy - Tongkat Pendaki - Tongkat Gunung - Tracking Pole\r\n\r\nProduct details of Trekking Pole Antishock 135 cm Alloy - Tongkat Pendaki - Tongkat Gunung - Tracking Pole - Treking pole - Tongkat Jalan - Tongkat Hiking - Tongkat Mendaki - Tongkat Outdoor\r\nTongkat yg Membantu anda dalam pendakian dan membantu menopang berat beban anda\r\nAntishock / Ngeper saat ditekan yang berfungsi untuk meredam goncangan\r\nBahan Aluminium Alloy (ringan, kuat dan anti karat)\r\nPanjang dilipat 65 cm, panjang ketika digunakan maksimal 135 cm\r\nTerdapat 2 model handle yaitu lurus dan bengkok\r\nCocok digunakan untuk hiking, camping, maupun untuk kegiatan outdoor<br></p>', 40, '2022-09-08 06:09:47', '2022-09-08 06:09:47'),
(111, 21, 'DBEZ SH02B Sepatu Hiking Slip On Premium Pertama Di Indonesia | Sepatu Outdoor Slip On Pria | Sepatu Treking Slip On Pria', 'app/images/produk/111-1662642689-LgPSz.jpg', 5000000, 900, '<p>DETAIL PRODUK\r\nDBEZ SH02B Sepatu Hiking Slip On Premium Pertama di Indonesia size 39-43.\r\nMerupakan Produk Lokal dengan Brand sendiri yang sudah teruji puluhan Tahun\r\nProduk kami di desain oleh ahli sepatu yang mumpuni sehingga menghasilkan produk yang elegan dan berkualitas.\r\nDiproses dari bahan Sidney anti air yang dicuting dengan Mesin\r\nDipadu dengan sol TPR Khusus Sepatu Outdoor\r\nCocok dipakai untuk aktivitas Outdoor dan survival\r\n\r\nSIZE Sepatu Hiking DBEZ SH02B :\r\n\r\n39 = 24.5 cm \r\n40 = 25 cm \r\n41 = 26 cm \r\n42 = 26.5 cm \r\n43 = 27.5 cm \r\n\r\nTersedia 4 Pilihan Warna Favorit:\r\n(Hitam,Tan, Cokelat dan Moka)<br></p>', 12, '2022-09-08 06:11:29', '2022-09-08 06:11:29'),
(112, 21, 'Sepatu Safety Proyek Gunung Hiking Touring Lavio Axel Outdoor Ujung Besi Pria Terlaris', 'app/images/produk/112-1662642757-qNjWW.jpg', 220000, 180, '<p><span style=\"font-family: Roboto, &quot;Helvetica Neue&quot;, Helvetica, Arial, 文泉驛正黑, &quot;WenQuanYi Zen Hei&quot;, &quot;Hiragino Sans GB&quot;, &quot;儷黑 Pro&quot;, &quot;LiHei Pro&quot;, &quot;Heiti TC&quot;, 微軟正黑體, &quot;Microsoft JhengHei UI&quot;, &quot;Microsoft JhengHei&quot;, sans-serif; white-space: pre-wrap;\">Selamat datang di Grosir Sepatu official\r\nJangan lupa FOLLOW Toko Kita dulu ya kak :)\r\n\r\nBarang kalo Ready langsung akan kami kirim, Pre Order hanya untuk jaga2 saja\r\nDikarenakan stok bahan yg belum stabil dari pabrik produksinya, kami mhon untuk bersabar menunggu.Toko kami disuplai langsung dari pabriknya, Tidak perlu cari ke toko yang lain karena toko lain pun akan sama kondisinya🙏\r\n\r\n\r\nBerikut Spesifikasi Produk :\r\nBRAND : Lavio\r\nModel : Axel\r\nMaterial Sole : Karet\r\nUkuran : 39,40,41,42,43\r\nKondisi : 100% Baru\r\nMaterial UP : Suede\r\nKemasan : Packing Rapih\r\n\r\nCANTUMKAN keterangan variasi WARNA dan UKURAN di kolom PESAN saat melakukan checkout.\r\n\r\nUntuk panduan sizenya bisa dicek dibawah ini kak, atau jika terkesan ribet bisa kakak sesuaikan dengan ukuran sepatu yang biasa kakak pakai ☺\r\n</span></p><div><span style=\"color: rgba(0, 0, 0, 0.8); font-family: Roboto, &quot;Helvetica Neue&quot;, Helvetica, Arial, 文泉驛正黑, &quot;WenQuanYi Zen Hei&quot;, &quot;Hiragino Sans GB&quot;, &quot;儷黑 Pro&quot;, &quot;LiHei Pro&quot;, &quot;Heiti TC&quot;, 微軟正黑體, &quot;Microsoft JhengHei UI&quot;, &quot;Microsoft JhengHei&quot;, sans-serif; white-space: pre-wrap; background-color: rgb(255, 255, 255);\"><br></span></div>', 60, '2022-09-08 06:12:37', '2022-09-08 06:12:37'),
(113, 21, 'Sepatu Pria Original Hipzo M-047 Pria Boots Kasual Casual Boots kulit hiking Anti Air Sepatu Gunung', 'app/images/produk/113-1662642810-0kJHW.jpg', 119000, 180, '<p class=\"_2jrvqA\" style=\"margin-right: 0px; margin-bottom: 0px; margin-left: 0px; color: rgba(0, 0, 0, 0.8); font-family: Roboto, &quot;Helvetica Neue&quot;, Helvetica, Arial, 文泉驛正黑, &quot;WenQuanYi Zen Hei&quot;, &quot;Hiragino Sans GB&quot;, &quot;儷黑 Pro&quot;, &quot;LiHei Pro&quot;, &quot;Heiti TC&quot;, 微軟正黑體, &quot;Microsoft JhengHei UI&quot;, &quot;Microsoft JhengHei&quot;, sans-serif; font-size: 14px; white-space: pre-wrap;\">HAI SOBAT HIPZO</p><p class=\"_2jrvqA\" style=\"margin-right: 0px; margin-bottom: 0px; margin-left: 0px; color: rgba(0, 0, 0, 0.8); font-family: Roboto, &quot;Helvetica Neue&quot;, Helvetica, Arial, 文泉驛正黑, &quot;WenQuanYi Zen Hei&quot;, &quot;Hiragino Sans GB&quot;, &quot;儷黑 Pro&quot;, &quot;LiHei Pro&quot;, &quot;Heiti TC&quot;, 微軟正黑體, &quot;Microsoft JhengHei UI&quot;, &quot;Microsoft JhengHei&quot;, sans-serif; font-size: 14px; white-space: pre-wrap;\">Hipzo Official adalah produk lokal buatan anak negeri dengan kualitas premium yang mempunyai beragam model yang menarik, kekinian, nyaman dipakai, dan ramah di kantong. Resmi berdiri dan masuk platform marketplace Indonesia pada Desember 2020 dan mulai happening di kalangan fashion muda pada awal tahun 2021 dan terus berkembang dan berinovasi seiring dengan perkembangan zaman. Semua foto realpict dan Original, Salah satunya adalah : </p><p class=\"_2jrvqA\" style=\"margin-right: 0px; margin-bottom: 0px; margin-left: 0px; color: rgba(0, 0, 0, 0.8); font-family: Roboto, &quot;Helvetica Neue&quot;, Helvetica, Arial, 文泉驛正黑, &quot;WenQuanYi Zen Hei&quot;, &quot;Hiragino Sans GB&quot;, &quot;儷黑 Pro&quot;, &quot;LiHei Pro&quot;, &quot;Heiti TC&quot;, 微軟正黑體, &quot;Microsoft JhengHei UI&quot;, &quot;Microsoft JhengHei&quot;, sans-serif; font-size: 14px; white-space: pre-wrap;\">\r\n</p><p class=\"_2jrvqA\" style=\"margin-right: 0px; margin-bottom: 0px; margin-left: 0px; color: rgba(0, 0, 0, 0.8); font-family: Roboto, &quot;Helvetica Neue&quot;, Helvetica, Arial, 文泉驛正黑, &quot;WenQuanYi Zen Hei&quot;, &quot;Hiragino Sans GB&quot;, &quot;儷黑 Pro&quot;, &quot;LiHei Pro&quot;, &quot;Heiti TC&quot;, 微軟正黑體, &quot;Microsoft JhengHei UI&quot;, &quot;Microsoft JhengHei&quot;, sans-serif; font-size: 14px; white-space: pre-wrap;\">SEPATU:M-047</p><p class=\"_2jrvqA\" style=\"margin-right: 0px; margin-bottom: 0px; margin-left: 0px; color: rgba(0, 0, 0, 0.8); font-family: Roboto, &quot;Helvetica Neue&quot;, Helvetica, Arial, 文泉驛正黑, &quot;WenQuanYi Zen Hei&quot;, &quot;Hiragino Sans GB&quot;, &quot;儷黑 Pro&quot;, &quot;LiHei Pro&quot;, &quot;Heiti TC&quot;, 微軟正黑體, &quot;Microsoft JhengHei UI&quot;, &quot;Microsoft JhengHei&quot;, sans-serif; font-size: 14px; white-space: pre-wrap;\">BAHAN: kulit sintetis premium</p><p class=\"_2jrvqA\" style=\"margin-right: 0px; margin-bottom: 0px; margin-left: 0px; color: rgba(0, 0, 0, 0.8); font-family: Roboto, &quot;Helvetica Neue&quot;, Helvetica, Arial, 文泉驛正黑, &quot;WenQuanYi Zen Hei&quot;, &quot;Hiragino Sans GB&quot;, &quot;儷黑 Pro&quot;, &quot;LiHei Pro&quot;, &quot;Heiti TC&quot;, 微軟正黑體, &quot;Microsoft JhengHei UI&quot;, &quot;Microsoft JhengHei&quot;, sans-serif; font-size: 14px; white-space: pre-wrap;\">BERAT: 875  gram</p><p class=\"_2jrvqA\" style=\"margin-right: 0px; margin-bottom: 0px; margin-left: 0px; color: rgba(0, 0, 0, 0.8); font-family: Roboto, &quot;Helvetica Neue&quot;, Helvetica, Arial, 文泉驛正黑, &quot;WenQuanYi Zen Hei&quot;, &quot;Hiragino Sans GB&quot;, &quot;儷黑 Pro&quot;, &quot;LiHei Pro&quot;, &quot;Heiti TC&quot;, 微軟正黑體, &quot;Microsoft JhengHei UI&quot;, &quot;Microsoft JhengHei&quot;, sans-serif; font-size: 14px; white-space: pre-wrap;\">Rician Ukuran INSOLE :</p><p class=\"_2jrvqA\" style=\"margin-right: 0px; margin-bottom: 0px; margin-left: 0px; color: rgba(0, 0, 0, 0.8); font-family: Roboto, &quot;Helvetica Neue&quot;, Helvetica, Arial, 文泉驛正黑, &quot;WenQuanYi Zen Hei&quot;, &quot;Hiragino Sans GB&quot;, &quot;儷黑 Pro&quot;, &quot;LiHei Pro&quot;, &quot;Heiti TC&quot;, 微軟正黑體, &quot;Microsoft JhengHei UI&quot;, &quot;Microsoft JhengHei&quot;, sans-serif; font-size: 14px; white-space: pre-wrap;\">Laki-Laki :			Wanita :</p><p class=\"_2jrvqA\" style=\"margin-right: 0px; margin-bottom: 0px; margin-left: 0px; color: rgba(0, 0, 0, 0.8); font-family: Roboto, &quot;Helvetica Neue&quot;, Helvetica, Arial, 文泉驛正黑, &quot;WenQuanYi Zen Hei&quot;, &quot;Hiragino Sans GB&quot;, &quot;儷黑 Pro&quot;, &quot;LiHei Pro&quot;, &quot;Heiti TC&quot;, 微軟正黑體, &quot;Microsoft JhengHei UI&quot;, &quot;Microsoft JhengHei&quot;, sans-serif; font-size: 14px; white-space: pre-wrap;\">                                   </p><p class=\"_2jrvqA\" style=\"margin-right: 0px; margin-bottom: 0px; margin-left: 0px; color: rgba(0, 0, 0, 0.8); font-family: Roboto, &quot;Helvetica Neue&quot;, Helvetica, Arial, 文泉驛正黑, &quot;WenQuanYi Zen Hei&quot;, &quot;Hiragino Sans GB&quot;, &quot;儷黑 Pro&quot;, &quot;LiHei Pro&quot;, &quot;Heiti TC&quot;, 微軟正黑體, &quot;Microsoft JhengHei UI&quot;, &quot;Microsoft JhengHei&quot;, sans-serif; font-size: 14px; white-space: pre-wrap;\">39 &lt;&gt; 24 cm			36 &lt;&gt;23 cm			</p><p class=\"_2jrvqA\" style=\"margin-right: 0px; margin-bottom: 0px; margin-left: 0px; color: rgba(0, 0, 0, 0.8); font-family: Roboto, &quot;Helvetica Neue&quot;, Helvetica, Arial, 文泉驛正黑, &quot;WenQuanYi Zen Hei&quot;, &quot;Hiragino Sans GB&quot;, &quot;儷黑 Pro&quot;, &quot;LiHei Pro&quot;, &quot;Heiti TC&quot;, 微軟正黑體, &quot;Microsoft JhengHei UI&quot;, &quot;Microsoft JhengHei&quot;, sans-serif; font-size: 14px; white-space: pre-wrap;\">40 &lt;&gt; 25 cm			37 &lt;&gt; 23.5 cm</p><p class=\"_2jrvqA\" style=\"margin-right: 0px; margin-bottom: 0px; margin-left: 0px; color: rgba(0, 0, 0, 0.8); font-family: Roboto, &quot;Helvetica Neue&quot;, Helvetica, Arial, 文泉驛正黑, &quot;WenQuanYi Zen Hei&quot;, &quot;Hiragino Sans GB&quot;, &quot;儷黑 Pro&quot;, &quot;LiHei Pro&quot;, &quot;Heiti TC&quot;, 微軟正黑體, &quot;Microsoft JhengHei UI&quot;, &quot;Microsoft JhengHei&quot;, sans-serif; font-size: 14px; white-space: pre-wrap;\">41 &lt;&gt; 26 cm			38 &lt;&gt; 24 cm</p><p class=\"_2jrvqA\" style=\"margin-right: 0px; margin-bottom: 0px; margin-left: 0px; color: rgba(0, 0, 0, 0.8); font-family: Roboto, &quot;Helvetica Neue&quot;, Helvetica, Arial, 文泉驛正黑, &quot;WenQuanYi Zen Hei&quot;, &quot;Hiragino Sans GB&quot;, &quot;儷黑 Pro&quot;, &quot;LiHei Pro&quot;, &quot;Heiti TC&quot;, 微軟正黑體, &quot;Microsoft JhengHei UI&quot;, &quot;Microsoft JhengHei&quot;, sans-serif; font-size: 14px; white-space: pre-wrap;\">42 &lt;&gt; 26.5 cm		39 &lt;&gt; 24.5 cm</p><p class=\"_2jrvqA\" style=\"margin-right: 0px; margin-bottom: 0px; margin-left: 0px; color: rgba(0, 0, 0, 0.8); font-family: Roboto, &quot;Helvetica Neue&quot;, Helvetica, Arial, 文泉驛正黑, &quot;WenQuanYi Zen Hei&quot;, &quot;Hiragino Sans GB&quot;, &quot;儷黑 Pro&quot;, &quot;LiHei Pro&quot;, &quot;Heiti TC&quot;, 微軟正黑體, &quot;Microsoft JhengHei UI&quot;, &quot;Microsoft JhengHei&quot;, sans-serif; font-size: 14px; white-space: pre-wrap;\">43 &lt;&gt; 27.5 cm       40 &lt;&gt; 25 cm</p>', 60, '2022-09-08 06:13:30', '2022-09-08 06:13:30'),
(114, 14, 'Tas Gunung / Carrier Brantas 55+5L, Brantas 65+5 Liter Arei Outdoorgear', 'app/images/produk/114-1662642901-yJJ8S.jpg', 799000, 900, '<p>.......</p>', 12, '2022-09-08 06:15:01', '2022-09-08 06:15:01'),
(115, 14, 'Harvest Lighting Headlamp 55W Senter Kepala Professional DIVING IP68 2600 Mah Lampu LED Emergency Selam Spearfishing', 'app/images/produk/115-1662642966-iN1F3.jpg', 195000, 180, '<p>GIVEAWAY - VOUCHER DISKON BAGI PEMBELI TERPILIH YANG PUAS DENGAN PRODUK KAMI DAN MEMBERIKAN PENILAIAN TERBAIK BERIKUT FOTO DAN VIDEO DI PENILAIAN.\r\n\r\nSenter Kepala Professional Diving type 55W merupakan Merupakan HEADLAMP TERBAIK, SERBA GUNA yang TAHAN AIR dan SANGAT TERANG serta terbuat dari bahan diving plastic dan fitur pilihan yang berkualitas tinggi\r\n\r\nSudah teruji dapat menyala selama 20 JAM non-stop\r\n\r\nLulus pengujian SELAM di bawah air sampai kedalaman 10 METER\r\n\r\n55W Headlamp Professional Diving merek HARVEST LIGHTING, menjadi andalan bagi penggemar olah raga atau kegiatan outdoor, seperti:\r\n-  Kegiatan menyelam / Diving dengan IP68 (bisa bertahan sampai dengan kedalaman 10 meter)\r\n-  Pelengkap kerja bagi Teknisi bengkel/AC/kontraktor/Penambang, dll.\r\n-  Peralatan penting untuk aktivitas Camping/travelling atau kegiatan outdoor lainnya, \r\n-  Membantu aktivitas Nelayan / sprearfishing atau pencari ikan/kodok, dll.\r\n-  Membantu aktivitas Petani untuk kegiatan di sawah/ladang/rawa-rawa\r\n-  Sangat berguna sebagai Lampu Emergency saat listrik dirumah padam.\r\n\r\nCatatan:\r\n- Setelah digunakan di air laut, harus dibilas dengan air tawar untuk mempertahankan kualitas\r\n- Pastikan kepala aluminum tertutup dengan rapat sebelum digunakan selam\r\n- Pastikan charger kering sebelum dicolok utk isi daya\r\n- Headlamp bergaransi 3 bulan, chat kami apabila ada masalah\r\n\r\nIsi dalam box:\r\n- 1 unit Headlamp (termasuk Battery Lithium Ion 2,600mAH)\r\n- 1 unit Charger \r\n- 1 set ban untuk pengikat di kepala\r\n- Kartu garansi \r\n\r\nALTERNATIF PILIHAN:\r\n- 1 buah Tas Pinggang HARVEST LIGHTING dari bahan bermutu sebagai pelengkap untuk menyimpan peralatan/Headlamp\r\n\r\nSpesifikasi:\r\n\r\n- Diameter senter: 5,0 cm\r\n- Jangkauan sinar: 300-400 m (relatif tergantung tingkat cahaya di sekitar)\r\n- Bahan plastik bermutu yang tahan untuk kedalaman air dengan kedalaman 10m\r\n- Battery bisa di-charge ulang (Menggunakan Battery Lithium Ion kapasitas 2,600 mAh)\r\n- Tingkat terang cahaya dengan 2 step (biasa dan terang)\r\n- Spesifikasi masa pemakaian: 12 jam (sangat terang) - 20 jam (terang)<br></p>', 60, '2022-09-08 06:16:06', '2022-09-08 06:16:06'),
(116, 14, 'Harvest Lighting A280W Headlamp FLOODLIGHT - Paket Isi 3 - Senter Kepala PREMIUM IP66 9000Mah Lampu Emergency Travel', 'app/images/produk/116-1662643011-539w8.jpg', 1125000, 180, '<p>Headlamp HARVEST LIGHTING tipe A280W Floodlight LED Premium Series merupakan Senter Kepala Floodlight berkualitas tinggi yang memiliki jangkauan cahaya dengan luas (area) 80 meter persegi dan kapasitas baterai 9,000 mAh (tahan 36 jam non-stop).\r\n\r\nMemiliki ukuran yang compact, sehingga nyaman digunakan di kepala.\r\n\r\nPAKET ISI 3 Headlamp dengan harga yang JAUH lebih hemat.\r\n\r\nSenter kepala modern dengan fitur charger tipe USB Type-C yang dapat mengisi daya jauh lebih cepat dibandingkan senter kepala biasa dan teknologi pembuangan panas sehingga dapat mengimbangi sangat terangnya cahaya senter.\r\n\r\nMotion Sensor - terdapat mode sensor gerak, senter dapat dinyalakan tanpa menyentuh tombol. \r\nCaranya: Tekan tombol power selama 1 detik sampai lampu indikator sensor gerak menyala, kemudian lambaikan tangan untuk menyalakan dan mematikan lampu senter kepala.\r\n</p><div><span style=\"color: rgba(0, 0, 0, 0.8); font-family: Roboto, &quot;Helvetica Neue&quot;, Helvetica, Arial, 文泉驛正黑, &quot;WenQuanYi Zen Hei&quot;, &quot;Hiragino Sans GB&quot;, &quot;儷黑 Pro&quot;, &quot;LiHei Pro&quot;, &quot;Heiti TC&quot;, 微軟正黑體, &quot;Microsoft JhengHei UI&quot;, &quot;Microsoft JhengHei&quot;, sans-serif; white-space: pre-wrap; background-color: rgb(255, 255, 255);\"><br></span></div>', 60, '2022-09-08 06:16:51', '2022-09-08 06:16:51'),
(117, 14, 'AOKI Senter Kepala Premium Professional Army Loreng 60W 3600mAh IP68', 'app/images/produk/117-1662643046-Q6Qc4.jpg', 185000, 180, '<p class=\"_2jrvqA\" style=\"margin-right: 0px; margin-bottom: 0px; margin-left: 0px; font-family: Roboto, &quot;Helvetica Neue&quot;, Helvetica, Arial, 文泉驛正黑, &quot;WenQuanYi Zen Hei&quot;, &quot;Hiragino Sans GB&quot;, &quot;儷黑 Pro&quot;, &quot;LiHei Pro&quot;, &quot;Heiti TC&quot;, 微軟正黑體, &quot;Microsoft JhengHei UI&quot;, &quot;Microsoft JhengHei&quot;, sans-serif; font-size: 14px; white-space: pre-wrap;\">Kode Produk : AOKI AK-D160</p><p class=\"_2jrvqA\" style=\"margin-right: 0px; margin-bottom: 0px; margin-left: 0px; font-family: Roboto, &quot;Helvetica Neue&quot;, Helvetica, Arial, 文泉驛正黑, &quot;WenQuanYi Zen Hei&quot;, &quot;Hiragino Sans GB&quot;, &quot;儷黑 Pro&quot;, &quot;LiHei Pro&quot;, &quot;Heiti TC&quot;, 微軟正黑體, &quot;Microsoft JhengHei UI&quot;, &quot;Microsoft JhengHei&quot;, sans-serif; font-size: 14px; white-space: pre-wrap;\">Model : Motif Loreng / Army</p><p class=\"_2jrvqA\" style=\"margin-right: 0px; margin-bottom: 0px; margin-left: 0px; font-family: Roboto, &quot;Helvetica Neue&quot;, Helvetica, Arial, 文泉驛正黑, &quot;WenQuanYi Zen Hei&quot;, &quot;Hiragino Sans GB&quot;, &quot;儷黑 Pro&quot;, &quot;LiHei Pro&quot;, &quot;Heiti TC&quot;, 微軟正黑體, &quot;Microsoft JhengHei UI&quot;, &quot;Microsoft JhengHei&quot;, sans-serif; font-size: 14px; white-space: pre-wrap;\">Daya  :  LED CHIP35 60W</p><p class=\"_2jrvqA\" style=\"margin-right: 0px; margin-bottom: 0px; margin-left: 0px; font-family: Roboto, &quot;Helvetica Neue&quot;, Helvetica, Arial, 文泉驛正黑, &quot;WenQuanYi Zen Hei&quot;, &quot;Hiragino Sans GB&quot;, &quot;儷黑 Pro&quot;, &quot;LiHei Pro&quot;, &quot;Heiti TC&quot;, 微軟正黑體, &quot;Microsoft JhengHei UI&quot;, &quot;Microsoft JhengHei&quot;, sans-serif; font-size: 14px; white-space: pre-wrap;\">Diameter Reflektor : 58mm</p><p class=\"_2jrvqA\" style=\"margin-right: 0px; margin-bottom: 0px; margin-left: 0px; font-family: Roboto, &quot;Helvetica Neue&quot;, Helvetica, Arial, 文泉驛正黑, &quot;WenQuanYi Zen Hei&quot;, &quot;Hiragino Sans GB&quot;, &quot;儷黑 Pro&quot;, &quot;LiHei Pro&quot;, &quot;Heiti TC&quot;, 微軟正黑體, &quot;Microsoft JhengHei UI&quot;, &quot;Microsoft JhengHei&quot;, sans-serif; font-size: 14px; white-space: pre-wrap;\">Jarak Cahaya : ±1000meter / 1 Kilometer</p><p class=\"_2jrvqA\" style=\"margin-right: 0px; margin-bottom: 0px; margin-left: 0px; font-family: Roboto, &quot;Helvetica Neue&quot;, Helvetica, Arial, 文泉驛正黑, &quot;WenQuanYi Zen Hei&quot;, &quot;Hiragino Sans GB&quot;, &quot;儷黑 Pro&quot;, &quot;LiHei Pro&quot;, &quot;Heiti TC&quot;, 微軟正黑體, &quot;Microsoft JhengHei UI&quot;, &quot;Microsoft JhengHei&quot;, sans-serif; font-size: 14px; white-space: pre-wrap;\">Kapasitas Baterai : 3600mAh (1800*2)</p><p class=\"_2jrvqA\" style=\"margin-right: 0px; margin-bottom: 0px; margin-left: 0px; font-family: Roboto, &quot;Helvetica Neue&quot;, Helvetica, Arial, 文泉驛正黑, &quot;WenQuanYi Zen Hei&quot;, &quot;Hiragino Sans GB&quot;, &quot;儷黑 Pro&quot;, &quot;LiHei Pro&quot;, &quot;Heiti TC&quot;, 微軟正黑體, &quot;Microsoft JhengHei UI&quot;, &quot;Microsoft JhengHei&quot;, sans-serif; font-size: 14px; white-space: pre-wrap;\">Tahan hingga : 15 Jam</p><p class=\"_2jrvqA\" style=\"margin-right: 0px; margin-bottom: 0px; margin-left: 0px; font-family: Roboto, &quot;Helvetica Neue&quot;, Helvetica, Arial, 文泉驛正黑, &quot;WenQuanYi Zen Hei&quot;, &quot;Hiragino Sans GB&quot;, &quot;儷黑 Pro&quot;, &quot;LiHei Pro&quot;, &quot;Heiti TC&quot;, 微軟正黑體, &quot;Microsoft JhengHei UI&quot;, &quot;Microsoft JhengHei&quot;, sans-serif; font-size: 14px; white-space: pre-wrap;\">Pengisian Baterai :  ±6 - 12 Jam</p>', 24, '2022-09-08 06:17:26', '2022-09-08 06:17:26'),
(118, 14, 'Tenda Camping Guntur Kapasitas 4 orang Arei Outdoorgear cocok digunakan untuk camping maupun aktifitas outdoor lainnya', 'app/images/produk/118-1662643202-olkMv.jpg', 1160000, 180, '<p class=\"_2jrvqA\" style=\"margin-right: 0px; margin-bottom: 0px; margin-left: 0px;\">Tenda Camping Guntur Kapasitas 4 orang Arei Outdoorgear</p><p class=\"_2jrvqA\" style=\"margin-right: 0px; margin-bottom: 0px; margin-left: 0px;\">Tenda Camping Guntur Kapasitas 4 orang Arei Outdoorgear cocok digunakan untuk camping maupun aktifitas outdoor lainnya, dilengkapi dengan fitur double layer dan bahan waterproof yang membuat Areingers tidak perlu khawatir menghadapi cuaca hujan. &nbsp;Tenda Camping Guntur Kapasitas 4 orang Arei Outdoorgear siap menemani petualangan Areingers.</p><p class=\"_2jrvqA\" style=\"margin-right: 0px; margin-bottom: 0px; margin-left: 0px;\">\r\n</p><p class=\"_2jrvqA\" style=\"margin-right: 0px; margin-bottom: 0px; margin-left: 0px;\">Spesifikasi :</p><p class=\"_2jrvqA\" style=\"margin-right: 0px; margin-bottom: 0px; margin-left: 0px;\">\r\n</p><p class=\"_2jrvqA\" style=\"margin-right: 0px; margin-bottom: 0px; margin-left: 0px;\">- SIZE : 110+210X210X130 CM</p><p class=\"_2jrvqA\" style=\"margin-right: 0px; margin-bottom: 0px; margin-left: 0px;\">- OUTER : 190T POLYESTER WITH WATERPROOF PU</p><p class=\"_2jrvqA\" style=\"margin-right: 0px; margin-bottom: 0px; margin-left: 0px;\">- COATING, 2000MM WITH SEAM TAPING</p><p class=\"_2jrvqA\" style=\"margin-right: 0px; margin-bottom: 0px; margin-left: 0px;\">- INNER : POLYESTER BREATHABLE</p><p class=\"_2jrvqA\" style=\"margin-right: 0px; margin-bottom: 0px; margin-left: 0px;\">- FLOOR : PE 110-120G/M2</p><p class=\"_2jrvqA\" style=\"margin-right: 0px; margin-bottom: 0px; margin-left: 0px;\">- POLE : DIA9.5MM X2 PCS &amp; DIA8.5MM X1</p><p class=\"_2jrvqA\" style=\"margin-right: 0px; margin-bottom: 0px; margin-left: 0px;\">PC FIBER GLASS</p><p class=\"_2jrvqA\" style=\"margin-right: 0px; margin-bottom: 0px; margin-left: 0px;\">- Kapasitas 4 Orang (Tanpa Barang Bawaan)</p><p class=\"_2jrvqA\" style=\"margin-right: 0px; margin-bottom: 0px; margin-left: 0px;\">&nbsp;</p>', 10, '2022-09-08 06:20:02', '2022-09-08 06:20:02'),
(119, 13, 'TARGET MILITARY - Tas Tactical GunBag Carrier Army Cordura Hiking Gunung Import Murah', 'app/images/produk/119-1662643557-543mc.jpg', 1796000, 180, '<p><span style=\"font-family: Roboto, &quot;Helvetica Neue&quot;, Helvetica, Arial, 文泉驛正黑, &quot;WenQuanYi Zen Hei&quot;, &quot;Hiragino Sans GB&quot;, &quot;儷黑 Pro&quot;, &quot;LiHei Pro&quot;, &quot;Heiti TC&quot;, 微軟正黑體, &quot;Microsoft JhengHei UI&quot;, &quot;Microsoft JhengHei&quot;, sans-serif; white-space: pre-wrap;\">roduk dari : Official Store DITRIBUTOR \r\n✅ Pasti Original ✅ Pasti Ready ✅ Garansi 30 Hari \r\nProduk ini Bergaransi 30 Hari! Rusak? Tukar Baru!  \r\n\r\nMELAYANI PEMBELIAN GROSIR &amp; ECERAN! \r\nOPEN DROPSHIPP, SILAHKAN CHAT!\r\n\r\nTas GunBag Carrier Army 60L Import TERMURAH! \r\nStyle &amp; Kualitas Militer Terbaik!\r\n\r\nSolusi Terbaik untuk kamu yang suka bawa barang banyak saat Hiking Mendaki Gunung atau Traveling, tapi ga bisa bawa barang banyak! Dengan Tas Carrier ini ga perlu ribet lagi! Kapasitas 80 Liter loh!\r\n\r\nBahan Dinier 600D (Anti Kusut) Oxfort dengan Protector Plus kualitas Militer sudah tidak perlu diragukan lagi Ketahanan &amp;amp; Kataguhannya! Miliki Sekarang Juga! Tunjukan Jiwa Tangguhmu!\r\n\r\nTas GunBag Carrier Gunung Hiking Army \r\nMerek : TARGET ID\r\nModel : GunBag Tactical\r\nBahan : Dinier 600D (Anti Kusut)\r\nDimensi : 40 x 50 x 70 cm\r\nWarna : Krem, Hijau, Camo Accupad, Camo Multicam\r\nKapasitas : 60 Liter\r\n\r\nMengapa Beli Tas Carrier Army dikami? \r\n- Kualitas Import Terjamin Original \r\n- Bahan Kulit Cordura 100% \r\n- Terdapat Lapisan Anti Air di Dalam, jadi saat terkena air / Hujan tidak merembes kebagian dalam isi tas.\r\n- Doubel Zipper Kuat dah Besar\r\n- Jahitan Tebal &amp; Kuat!</span><br></p>', 40, '2022-09-08 06:25:57', '2022-09-08 06:25:57'),
(120, 13, 'Leedoo Sepatu Hiking Pria Sepatu Olahraga Outdoor Sepatu Gunung Adventure Anti Slip MH208', 'app/images/produk/120-1662643607-O8eT2.jpg', 5000000, 180, '<p><span style=\"font-family: Roboto, &quot;Helvetica Neue&quot;, Helvetica, Arial, 文泉驛正黑, &quot;WenQuanYi Zen Hei&quot;, &quot;Hiragino Sans GB&quot;, &quot;儷黑 Pro&quot;, &quot;LiHei Pro&quot;, &quot;Heiti TC&quot;, 微軟正黑體, &quot;Microsoft JhengHei UI&quot;, &quot;Microsoft JhengHei&quot;, sans-serif; white-space: pre-wrap;\">Leedoo Sepatu Hiking Pria Sepatu Olahraga Outdoor Sepatu Gunung Adventure Anti Slip MH208\r\n\r\nKepada calon pembeli dimohon untuk membaca deskripsi sebelum memesan produk. \r\nDan tanyakan stoknya terlebih dahulu.\r\n\r\nBONUS : FREE BOX &amp; KAOS KAKI\r\nSepatu ini di lengkapi alas yang  sangat nyaman, desain yang elegan. sangat cocok digunakan di berbagai medan baik di medan berbatu, medan lantai, ataupun medan lumpur. Karena desain bahan menyesuaikan penggunaan\r\n\r\nMaterial : Rubber, PU Leather\r\nWarna : Hitam dan Abu-abu\r\nReady Size \r\n40=25cm\r\n41=25.5cm\r\n42=26cm\r\n43=26.5cm\r\n44=27cm\r\n\r\nJadwal Pengiriman Hari Senin-Sabtu\r\nOrder Sebelum jam 13.00 WIB akan dikirimkan dihari yang sama.\r\nLewat dari jam 13.00 WIB akan dikirimkan dihari berikutnya.\r\nHari minggu dan tanggal merah libur, tidak ada pengiriman.\r\nUpdate resi maksimal 2x24jam setelah paket dipickup pihak ekspedisi.\r\n\r\nGunakan Voucher FREE ONGKIR dari Shopee untuk menikmati subsidi ongkir.\r\n</span></p><div><span style=\"color: rgba(0, 0, 0, 0.8); font-family: Roboto, &quot;Helvetica Neue&quot;, Helvetica, Arial, 文泉驛正黑, &quot;WenQuanYi Zen Hei&quot;, &quot;Hiragino Sans GB&quot;, &quot;儷黑 Pro&quot;, &quot;LiHei Pro&quot;, &quot;Heiti TC&quot;, 微軟正黑體, &quot;Microsoft JhengHei UI&quot;, &quot;Microsoft JhengHei&quot;, sans-serif; white-space: pre-wrap; background-color: rgb(255, 255, 255);\"><br></span></div>', 12, '2022-09-08 06:26:47', '2022-09-08 06:26:47'),
(121, 13, 'DENNOS Official Store DY160 Hard Case Rooftop Tent Tenda di atas Mobil Campervan Camping', 'app/images/produk/121-1662643671-vrOeZ.jpg', 243000, 180, '<p><span style=\"font-family: Roboto, &quot;Helvetica Neue&quot;, Helvetica, Arial, 文泉驛正黑, &quot;WenQuanYi Zen Hei&quot;, &quot;Hiragino Sans GB&quot;, &quot;儷黑 Pro&quot;, &quot;LiHei Pro&quot;, &quot;Heiti TC&quot;, 微軟正黑體, &quot;Microsoft JhengHei UI&quot;, &quot;Microsoft JhengHei&quot;, sans-serif; white-space: pre-wrap;\">Bahan Tenda : T/C 280GSM Waterproof, UV proof, waterproof canvas, PU Coating, w/p 2000m\r\nMatras : High Density and Fire Resistance Sponge\r\nCover : Strong ABS\r\nTangga : 2,3 meter Alumunium Alloy Ladder\r\nKapasitas : 300 Kg\r\nPembukaan : Hydraulic Automatic Open\r\nDimensi Terbuka : 215 x 215 x 100 cm\r\nDimensi Tertutup : 217 x 127 x 35 cm</span><br></p>', 24, '2022-09-08 06:27:51', '2022-09-08 06:27:51'),
(122, 13, 'Naturehike NH21ZP005 Tenda Toilet Waterproof Changing Tent', 'app/images/produk/122-1662643709-mf8ki.jpg', 185000, 900, '<p><span style=\"font-family: Roboto, &quot;Helvetica Neue&quot;, Helvetica, Arial, 文泉驛正黑, &quot;WenQuanYi Zen Hei&quot;, &quot;Hiragino Sans GB&quot;, &quot;儷黑 Pro&quot;, &quot;LiHei Pro&quot;, &quot;Heiti TC&quot;, 微軟正黑體, &quot;Microsoft JhengHei UI&quot;, &quot;Microsoft JhengHei&quot;, sans-serif; white-space: pre-wrap;\">Toilet Portabel dari Naturehike dengan teknologi waterproof sunscreen. Bagian dalam tent ini terdapat hook yang dapat anda gunakan untuk meggantung shower bag 20L. Juga terdapat hanging rope untuk menggantung pakaian / wash bag\r\n\r\nMerek : Naturehike\r\nModel no : NH21ZP005\r\nKategori : Toilet Portabel\r\nWarna : Coklat\r\nMaterial : 210T Silver Coated Polyester\r\nUkuran :\r\n*140 x 140 x 230cm (Terbuka)\r\n*66 x 17 x 17cm (Dikemas)\r\nBerat : 5700g\r\nIsi Paket :\r\n*1x Toilet Portabel\r\n*8x Pasak + pouch\r\n*1 Set Tali\r\n*1 Set Pole\r\n*1x PE Bottom Tent (Alas tenda)\r\n*1x Strap\r\n*1x Tas Penyimpanan\r\n</span></p><div><span style=\"color: rgba(0, 0, 0, 0.8); font-family: Roboto, &quot;Helvetica Neue&quot;, Helvetica, Arial, 文泉驛正黑, &quot;WenQuanYi Zen Hei&quot;, &quot;Hiragino Sans GB&quot;, &quot;儷黑 Pro&quot;, &quot;LiHei Pro&quot;, &quot;Heiti TC&quot;, 微軟正黑體, &quot;Microsoft JhengHei UI&quot;, &quot;Microsoft JhengHei&quot;, sans-serif; white-space: pre-wrap; background-color: rgb(255, 255, 255);\"><br></span></div>', 12, '2022-09-08 06:28:29', '2022-09-08 06:28:29');

-- --------------------------------------------------------

--
-- Table structure for table `user`
--

CREATE TABLE `user` (
  `id` int(11) NOT NULL,
  `username` varchar(255) DEFAULT NULL,
  `email` varchar(255) DEFAULT NULL,
  `nama` varchar(255) DEFAULT NULL,
  `jenis_kelamin` int(1) DEFAULT NULL,
  `password` varchar(255) DEFAULT NULL,
  `foto` varchar(255) DEFAULT NULL,
  `remember_token` varchar(255) DEFAULT NULL,
  `created_at` timestamp NULL DEFAULT NULL,
  `updated_at` timestamp NULL DEFAULT current_timestamp() ON UPDATE current_timestamp()
) ENGINE=InnoDB DEFAULT CHARSET=utf8mb4;

--
-- Dumping data for table `user`
--

INSERT INTO `user` (`id`, `username`, `email`, `nama`, `jenis_kelamin`, `password`, `foto`, `remember_token`, `created_at`, `updated_at`) VALUES
(13, 'bayu', 'bayu29kp@gmail.com', 'Bayu Pratama', 1, '$2y$10$XeAoxyGetiVZKRleceWGa.vmQplPevKt6z10GQv.wTEjaQCDazD7S', NULL, NULL, '2022-08-28 03:03:13', '2022-09-05 08:04:52'),
(14, 'guntur', 'guntur123@gmail.com', 'guntur pamungkas', 2, '$2y$10$nlu/meMwxkQ1bCi/vxMZDuHJUu.RwLpXxRJVbItW.S7/UpZCBylIC', NULL, NULL, '2022-08-28 05:08:46', '2022-09-05 08:04:55'),
(21, 'zaim', 'zaim123@gmail.com', 'Zaim', 1, '$2y$10$gOQ6ChotJXrhLp7I1unLd.hwdvAYVEtnzfC8xuJ51ics4s7FsutxK', NULL, NULL, '2022-09-07 04:33:20', '2022-09-07 04:33:20');

-- --------------------------------------------------------

--
-- Table structure for table `user_detail`
--

CREATE TABLE `user_detail` (
  `id` int(11) NOT NULL,
  `id_user` int(11) DEFAULT NULL,
  `no_handphone` varchar(15) DEFAULT NULL,
  `created_at` timestamp NULL DEFAULT NULL,
  `updated_at` timestamp NULL DEFAULT current_timestamp() ON UPDATE current_timestamp()
) ENGINE=InnoDB DEFAULT CHARSET=utf8mb4;

--
-- Dumping data for table `user_detail`
--

INSERT INTO `user_detail` (`id`, `id_user`, `no_handphone`, `created_at`, `updated_at`) VALUES
(4, 13, '+6289694456329', '2022-08-28 03:03:13', '2022-08-28 03:03:13'),
(5, 14, '+6289694456330', '2022-08-28 05:08:46', '2022-08-28 05:08:46'),
(6, 15, '089694456328', '2022-09-05 03:13:06', '2022-09-05 03:13:06'),
(7, 16, '089694456328', '2022-09-05 03:15:30', '2022-09-05 03:15:30'),
(8, 17, '089694456328', '2022-09-05 03:16:29', '2022-09-05 03:16:29'),
(9, 21, '+6289694456330', '2022-09-07 04:33:20', '2022-09-07 04:33:20');

--
-- Indexes for dumped tables
--

--
-- Indexes for table `admin_kategori`
--
ALTER TABLE `admin_kategori`
  ADD PRIMARY KEY (`id`);

--
-- Indexes for table `admin_produk`
--
ALTER TABLE `admin_produk`
  ADD PRIMARY KEY (`id`);

--
-- Indexes for table `user`
--
ALTER TABLE `user`
  ADD PRIMARY KEY (`id`);

--
-- Indexes for table `user_detail`
--
ALTER TABLE `user_detail`
  ADD PRIMARY KEY (`id`);

--
-- AUTO_INCREMENT for dumped tables
--

--
-- AUTO_INCREMENT for table `admin_kategori`
--
ALTER TABLE `admin_kategori`
  MODIFY `id` int(11) NOT NULL AUTO_INCREMENT;

--
-- AUTO_INCREMENT for table `admin_produk`
--
ALTER TABLE `admin_produk`
  MODIFY `id` int(11) NOT NULL AUTO_INCREMENT, AUTO_INCREMENT=123;

--
-- AUTO_INCREMENT for table `user`
--
ALTER TABLE `user`
  MODIFY `id` int(11) NOT NULL AUTO_INCREMENT, AUTO_INCREMENT=22;

--
-- AUTO_INCREMENT for table `user_detail`
--
ALTER TABLE `user_detail`
  MODIFY `id` int(11) NOT NULL AUTO_INCREMENT, AUTO_INCREMENT=10;
COMMIT;

/*!40101 SET CHARACTER_SET_CLIENT=@OLD_CHARACTER_SET_CLIENT */;
/*!40101 SET CHARACTER_SET_RESULTS=@OLD_CHARACTER_SET_RESULTS */;
/*!40101 SET COLLATION_CONNECTION=@OLD_COLLATION_CONNECTION */;
